Order,ProteinAC,MW,pI,UniquePepNum,Coverage(%),SpecNum,Non-ModifiedSpecNum,ModifiedSpecNum,UniqueModifiedPepNum,Description,,,,
1,RpoC(87)-RpoC(50),0,0,2,0,6,0,6,2,null,,,,
,,,,,,,,,,,,,,
,Order,Spectrum,Sequence,Score,Calc_M,Delta_M,ppm,Modification,Sample,Engine,MatchedIons,MissCleaveNum,Rank,Proteins
,1,File1577 Spectrum2271 scans: 15780,GVICEKCGVEVTQTK(5)-TFKPERDGLFCAR(2):0,1.18E-13,3468.720124,-0.00041,-0.118165,"3,I(Carbamidomethyl_C);6,K(Carbamidomethyl_C);25,R(Carbamidomethyl_C);",1.pFind,1.pFind,0,-1,1,RpoC(87)-RpoC(50)
,,,,,,,,,,,,,,
,2,File1577 Spectrum2340 scans: 15909,GVICEKCGVEVTQTK(5)-TFKPERDGLFCAR(2):0,3.04E-12,3468.720124,0.00969,2.792719,"3,I(Carbamidomethyl_C);6,K(Carbamidomethyl_C);25,R(Carbamidomethyl_C);",1.pFind,1.pFind,0,-1,1,RpoC(87)-RpoC(50)
,,,,,,,,,,,,,,
,3,File1577 Spectrum2339 scans: 15908,GVICEKCGVEVTQTK(5)-TFKPERDGLFCAR(2):0,1.18E-10,3468.720124,0.00969,2.792719,"3,I(Carbamidomethyl_C);6,K(Carbamidomethyl_C);25,R(Carbamidomethyl_C);",1.pFind,1.pFind,0,-1,1,RpoC(87)-RpoC(50)
,,,,,,,,,,,,,,
,4,File1577 Spectrum2223 scans: 15687,GVICEKCGVEVTQTK(5)-TFKPERDGLFCAR(2):0,7.28E-08,3468.720124,4.00565,1153.125454,"3,I(Carbamidomethyl_C);6,K(Carbamidomethyl_C);25,R(Carbamidomethyl_C);",1.pFind,1.pFind,0,-1,1,RpoC(87)-RpoC(50)
,,,,,,,,,,,,,,
,5,File1577 Spectrum2203 scans: 15655,GVICEKCGVEVTQTK(5)-TFKPERDGLFCAR(2):0,2.74E-06,3468.720124,-0.00191,-0.550476,"3,I(Carbamidomethyl_C);6,K(Carbamidomethyl_C);25,R(Carbamidomethyl_C);",1.pFind,1.pFind,0,-1,1,RpoC(87)-RpoC(50)
,,,,,,,,,,,,,,
,6,File1577 Spectrum1415 scans: 14011,GVICEKCGVEVTQTK(5)-TFKPER(2):0,1.41E-04,2649.350384,1.00967,380.811059,"3,I(Carbamidomethyl_C);6,K(Carbamidomethyl_C);",1.pFind,1.pFind,0,-1,1,RpoC(87)-RpoC(50)
,,,,,,,,,,,,,,
Order,ProteinAC,MW,pI,UniquePepNum,Coverage(%),SpecNum,Non-ModifiedSpecNum,ModifiedSpecNum,UniqueModifiedPepNum,Description,,,,
2,RpoB(161)-RpoC(781),0,0,2,0,4,4,0,0,null,,,,
,,,,,,,,,,,,,,
,Order,Spectrum,Sequence,Score,Calc_M,Delta_M,ppm,Modification,Sample,Engine,MatchedIons,MissCleaveNum,Rank,Proteins
,1,File1577 Spectrum1436 scans: 14090,SPGVFFDSDKGKTHSSGK(9)-KGLADTALK(0):0,3.65E-10,2961.544514,-0.00186,-0.627838,null,1.pFind,1.pFind,0,-1,1,RpoB(161)-RpoC(781)
,,,,,,,,,,,,,,
,2,File1577 Spectrum1482 scans: 14204,SPGVFFDSDKGKTHSSGK(9)-KGLADTALK(0):0,1.70E-05,2961.544514,0.00695,2.345945,null,1.pFind,1.pFind,0,-1,1,RpoB(161)-RpoC(781)
,,,,,,,,,,,,,,
,3,File1577 Spectrum1429 scans: 14067,SPGVFFDSDKGKTHSSGK(9)-KGLADTALK(0):0,2.21E-05,2961.544514,0.00325,1.097026,null,1.pFind,1.pFind,0,-1,1,RpoB(161)-RpoC(781)
,,,,,,,,,,,,,,
,4,File1577 Spectrum3118 scans: 17412,SPGVFFDSDKGK(9)-KGLADTALK(0):0,5.26E-05,2364.257444,-0.00215,-0.90899,null,1.pFind,1.pFind,0,-1,1,RpoB(161)-RpoC(781)
,,,,,,,,,,,,,,
Order,ProteinAC,MW,pI,UniquePepNum,Coverage(%),SpecNum,Non-ModifiedSpecNum,ModifiedSpecNum,UniqueModifiedPepNum,Description,,,,
3,RpoC(996)-RpoC(964),0,0,2,0,2,2,0,0,null,,,,
,,,,,,,,,,,,,,
,Order,Spectrum,Sequence,Score,Calc_M,Delta_M,ppm,Modification,Sample,Engine,MatchedIons,MissCleaveNum,Rank,Proteins
,1,File1577 Spectrum1877 scans: 15046,TKESYKVPYGAVLAK(5)-LSNVKSVVNSSGK(4):0,1.95E-07,3136.738144,1.00423,319.945874,null,1.pFind,1.pFind,0,-1,1,RpoC(996)-RpoC(964)
,,,,,,,,,,,,,,
,2,File1577 Spectrum2679 scans: 16556,ESYKVPYGAVLAK(3)-LSNVKSVVNSSGK(4):0,3.26E-05,2907.595504,1.00699,346.091084,null,1.pFind,1.pFind,0,-1,1,RpoC(996)-RpoC(964)
,,,,,,,,,,,,,,
Order,ProteinAC,MW,pI,UniquePepNum,Coverage(%),SpecNum,Non-ModifiedSpecNum,ModifiedSpecNum,UniqueModifiedPepNum,Description,,,,
4,RpoB(439)-RpoB(431),0,0,2,0,7,7,0,0,null,,,,
,,,,,,,,,,,,,,
,Order,Spectrum,Sequence,Score,Calc_M,Delta_M,ppm,Modification,Sample,Engine,MatchedIons,MissCleaveNum,Rank,Proteins
,1,File1577 Spectrum2452 scans: 16132,NGKGEVDDIDHLGNRR(2)-KLIDIR(0):0,1.48E-07,2716.461794,0.98497,362.327259,null,1.pFind,1.pFind,0,-1,1,RpoB(439)-RpoB(431)
,,,,,,,,,,,,,,
,2,File1577 Spectrum2538 scans: 16285,NGKGEVDDIDHLGNR(2)-KLIDIR(0):0,2.09E-07,2560.360684,1.01133,394.683958,null,1.pFind,1.pFind,0,-1,1,RpoB(439)-RpoB(431)
,,,,,,,,,,,,,,
,3,File1577 Spectrum1912 scans: 15127,NGKGEVDDIDHLGNRR(2)-KLIDIR(0):0,9.55E-07,2716.461794,0.00571,2.101215,null,1.pFind,1.pFind,0,-1,1,RpoB(439)-RpoB(431)
,,,,,,,,,,,,,,
,4,File1577 Spectrum1980 scans: 15255,NGKGEVDDIDHLGNRR(2)-KLIDIR(0):0,7.85E-06,2716.461794,0.99961,367.710692,null,1.pFind,1.pFind,0,-1,1,RpoB(439)-RpoB(431)
,,,,,,,,,,,,,,
,5,File1577 Spectrum1845 scans: 15000,NGKGEVDDIDHLGNRR(2)-KLIDIR(0):0,1.87E-05,2716.461794,-0.00359,-1.321084,null,1.pFind,1.pFind,0,-1,1,RpoB(439)-RpoB(431)
,,,,,,,,,,,,,,
,6,File1577 Spectrum3199 scans: 17553,NGKGEVDDIDHLGNR(2)-KLIDIR(0):0,2.80E-05,2560.360684,0.98478,384.326476,null,1.pFind,1.pFind,0,-1,1,RpoB(439)-RpoB(431)
,,,,,,,,,,,,,,
,7,File1577 Spectrum1917 scans: 15137,NGKGEVDDIDHLGNRR(2)-KLIDIR(0):0,1.17E-04,2716.461794,0.00714,2.627438,null,1.pFind,1.pFind,0,-1,1,RpoB(439)-RpoB(431)
,,,,,,,,,,,,,,
Order,ProteinAC,MW,pI,UniquePepNum,Coverage(%),SpecNum,Non-ModifiedSpecNum,ModifiedSpecNum,UniqueModifiedPepNum,Description,,,,
5,RpoB(161)-RpoC(789),0,0,2,0,4,4,0,0,null,,,,
,,,,,,,,,,,,,,
,Order,Spectrum,Sequence,Score,Calc_M,Delta_M,ppm,Modification,Sample,Engine,MatchedIons,MissCleaveNum,Rank,Proteins
,1,File1577 Spectrum2120 scans: 15471,SPGVFFDSDKGKTHSSGK(9)-KGLADTALKTANSGYLTR(8):0,1.78E-10,3925.021904,3.01516,767.402895,null,1.pFind,1.pFind,0,-1,1,RpoB(161)-RpoC(789)
,,,,,,,,,,,,,,
,2,File1577 Spectrum2630 scans: 16469,SPGVFFDSDKGKTHSSGK(9)-GLADTALKTANSGYLTR(7):0,1.71E-05,3796.926944,1.99632,525.356971,null,1.pFind,1.pFind,0,-1,1,RpoB(161)-RpoC(789)
,,,,,,,,,,,,,,
,3,File1577 Spectrum2084 scans: 15416,SPGVFFDSDKGKTHSSGK(9)-KGLADTALKTANSGYLTR(8):0,1.76E-04,3925.021904,2.0128,512.418149,null,1.pFind,1.pFind,0,-1,1,RpoB(161)-RpoC(789)
,,,,,,,,,,,,,,
,4,File1577 Spectrum2010 scans: 15294,SPGVFFDSDKGKTHSSGK(9)-KGLADTALKTANSGYLTR(8):0,5.19E-04,3925.021904,0.00046,0.117167,null,1.pFind,1.pFind,0,-1,1,RpoB(161)-RpoC(789)
,,,,,,,,,,,,,,
Order,ProteinAC,MW,pI,UniquePepNum,Coverage(%),SpecNum,Non-ModifiedSpecNum,ModifiedSpecNum,UniqueModifiedPepNum,Description,,,,
6,RpoB(1065)-RpoB(1073),0,0,2,0,5,5,0,0,null,,,,
,,,,,,,,,,,,,,
,Order,Spectrum,Sequence,Score,Calc_M,Delta_M,ppm,Modification,Sample,Engine,MatchedIons,MissCleaveNum,Rank,Proteins
,1,File1577 Spectrum662 scans: 11511,IQPGDKMAGR(5)-HGNKGVISK(3):0,4.54E-06,2176.178444,0.00485,2.227641,null,1.pFind,1.pFind,0,-1,1,RpoB(1065)-RpoB(1073)
,,,,,,,,,,,,,,
,2,File1577 Spectrum622 scans: 11273,IQPGDKMAGR(5)-HGNKGVISK(3):0,4.23E-05,2176.178444,-0.00151,-0.693556,null,1.pFind,1.pFind,0,-1,1,RpoB(1065)-RpoB(1073)
,,,,,,,,,,,,,,
,3,File1577 Spectrum677 scans: 11590,RIQPGDKMAGR(6)-HGNKGVISK(3):0,2.00E-04,2332.279554,-0.00374,-1.602892,null,1.pFind,1.pFind,0,-1,1,RpoB(1065)-RpoB(1073)
,,,,,,,,,,,,,,
,4,File1577 Spectrum644 scans: 11392,IQPGDKMAGR(5)-HGNKGVISK(3):0,3.76E-04,2176.178444,-0.00027,-0.124013,null,1.pFind,1.pFind,0,-1,1,RpoB(1065)-RpoB(1073)
,,,,,,,,,,,,,,
,5,File1577 Spectrum666 scans: 11535,RIQPGDKMAGR(6)-HGNKGVISK(3):0,9.41E-04,2332.279554,2.01176,861.457292,null,1.pFind,1.pFind,0,-1,1,RpoB(1065)-RpoB(1073)
,,,,,,,,,,,,,,
Order,ProteinAC,MW,pI,UniquePepNum,Coverage(%),SpecNum,Non-ModifiedSpecNum,ModifiedSpecNum,UniqueModifiedPepNum,Description,,,,
7,RpoB(1133)-RpoB(1178),0,0,2,0,3,3,0,0,null,,,,
,,,,,,,,,,,,,,
,Order,Spectrum,Sequence,Score,Calc_M,Delta_M,ppm,Modification,Sample,Engine,MatchedIons,MissCleaveNum,Rank,Proteins
,1,File1577 Spectrum4534 scans: 20073,GIGDKINAMLKQQQEVAK(10)-KGMPIATPVFDGAK(0):0,1.41E-09,3566.920204,2.99151,837.742331,null,1.pFind,1.pFind,0,-1,1,RpoB(1133)-RpoB(1178)
,,,,,,,,,,,,,,
,2,File1577 Spectrum4544 scans: 20095,GIGDKINAMLKQQQEVAK(10)-KGMPIATPVFDGAK(0):0,1.85E-08,3566.920204,0.98896,277.103714,null,1.pFind,1.pFind,0,-1,1,RpoB(1133)-RpoB(1178)
,,,,,,,,,,,,,,
,3,File1577 Spectrum3012 scans: 17189,INAMLKQQQEVAK(5)-KGMPIATPVFDGAK(0):0,4.81E-04,3096.671324,0.99537,321.224501,null,1.pFind,1.pFind,0,-1,1,RpoB(1133)-RpoB(1178)
,,,,,,,,,,,,,,
Order,ProteinAC,MW,pI,UniquePepNum,Coverage(%),SpecNum,Non-ModifiedSpecNum,ModifiedSpecNum,UniqueModifiedPepNum,Description,,,,
8,RpoC(557)-RpoC(603),0,0,2,0,6,0,6,2,null,,,,
,,,,,,,,,,,,,,
,Order,Spectrum,Sequence,Score,Calc_M,Delta_M,ppm,Modification,Sample,Engine,MatchedIons,MissCleaveNum,Rank,Proteins
,1,File1577 Spectrum1893 scans: 15078,ITEYEKDANGELVAK(5)-KAISKMLNTCYR(4):0,7.93E-10,3328.704474,3.01202,903.771272,"24,K(Carbamidomethyl_C);",1.pFind,1.pFind,0,-1,1,RpoC(557)-RpoC(603)
,,,,,,,,,,,,,,
,2,File1577 Spectrum1881 scans: 15055,ITEYEKDANGELVAK(5)-KAISKMLNTCYR(4):0,5.48E-07,3328.704474,2.01139,603.708626,"24,K(Carbamidomethyl_C);",1.pFind,1.pFind,0,-1,1,RpoC(557)-RpoC(603)
,,,,,,,,,,,,,,
,3,File1577 Spectrum1905 scans: 15104,ITEYEKDANGELVAK(5)-KAISKMLNTCYR(4):0,8.55E-07,3328.704474,0.00549,1.648789,"24,K(Carbamidomethyl_C);",1.pFind,1.pFind,0,-1,1,RpoC(557)-RpoC(603)
,,,,,,,,,,,,,,
,4,File1577 Spectrum1951 scans: 15208,ITEYEKDANGELVAK(5)-KAISKMLNTCYR(4):0,5.29E-06,3328.704474,3.00274,900.989271,"24,K(Carbamidomethyl_C);",1.pFind,1.pFind,0,-1,1,RpoC(557)-RpoC(603)
,,,,,,,,,,,,,,
,5,File1577 Spectrum2535 scans: 16280,ITEYEKDANGELVAK(5)-AISKMLNTCYR(3):0,2.15E-04,3200.609514,-0.00922,-2.879803,"23,K(Carbamidomethyl_C);",1.pFind,1.pFind,0,-1,1,RpoC(557)-RpoC(603)
,,,,,,,,,,,,,,
,6,File1577 Spectrum2555 scans: 16317,ITEYEKDANGELVAK(5)-AISKMLNTCYR(3):0,2.46E-04,3200.609514,2.0021,624.949493,"23,K(Carbamidomethyl_C);",1.pFind,1.pFind,0,-1,1,RpoC(557)-RpoC(603)
,,,,,,,,,,,,,,
Order,ProteinAC,MW,pI,UniquePepNum,Coverage(%),SpecNum,Non-ModifiedSpecNum,ModifiedSpecNum,UniqueModifiedPepNum,Description,,,,
9,RpoC(983)-RpoC(959),0,0,2,0,3,3,0,0,null,,,,
,,,,,,,,,,,,,,
,Order,Spectrum,Sequence,Score,Calc_M,Delta_M,ppm,Modification,Sample,Engine,MatchedIons,MissCleaveNum,Rank,Proteins
,1,File1577 Spectrum3598 scans: 18336,NTELKLIDEFGR(4)-GSIKLSNVK(3):0,2.24E-04,2544.416084,0.99597,391.125683,null,1.pFind,1.pFind,0,-1,1,RpoC(983)-RpoC(959)
,,,,,,,,,,,,,,
,2,File1577 Spectrum3523 scans: 18201,NTELKLIDEFGR(4)-GSIKLSNVK(3):0,6.28E-04,2544.416084,-0.00427,-1.677523,null,1.pFind,1.pFind,0,-1,1,RpoC(983)-RpoC(959)
,,,,,,,,,,,,,,
,3,File1577 Spectrum2720 scans: 16633,NTELKLIDEFGR(4)-NKGSIKLSNVK(5):0,9.91E-04,2786.553974,0.01724,6.184579,null,1.pFind,1.pFind,0,-1,1,RpoC(983)-RpoC(959)
,,,,,,,,,,,,,,
Order,ProteinAC,MW,pI,UniquePepNum,Coverage(%),SpecNum,Non-ModifiedSpecNum,ModifiedSpecNum,UniqueModifiedPepNum,Description,,,,
10,RpoC(789)-RpoB(163),0,0,2,0,3,3,0,0,null,,,,
,,,,,,,,,,,,,,
,Order,Spectrum,Sequence,Score,Calc_M,Delta_M,ppm,Modification,Sample,Engine,MatchedIons,MissCleaveNum,Rank,Proteins
,1,File1577 Spectrum1344 scans: 13825,GLADTALKTANSGYLTR(7)-GKTHSSGK(1):0,5.29E-06,2717.434594,0.00846,3.112067,null,1.pFind,1.pFind,0,-1,1,RpoC(789)-RpoB(163)
,,,,,,,,,,,,,,
,2,File1577 Spectrum1144 scans: 13250,KGLADTALKTANSGYLTR(8)-GKTHSSGK(1):0,7.80E-05,2845.529554,-0.00134,-0.470748,null,1.pFind,1.pFind,0,-1,1,RpoC(789)-RpoB(163)
,,,,,,,,,,,,,,
,3,File1577 Spectrum1117 scans: 13174,KGLADTALKTANSGYLTR(8)-GKTHSSGK(1):0,2.89E-04,2845.529554,1.99356,699.855619,null,1.pFind,1.pFind,0,-1,1,RpoC(789)-RpoB(163)
,,,,,,,,,,,,,,
Order,ProteinAC,MW,pI,UniquePepNum,Coverage(%),SpecNum,Non-ModifiedSpecNum,ModifiedSpecNum,UniqueModifiedPepNum,Description,,,,
11,RpoC(39)-RpoC(50),0,0,1,0,1,1,0,0,null,,,,
,,,,,,,,,,,,,,
,Order,Spectrum,Sequence,Score,Calc_M,Delta_M,ppm,Modification,Sample,Engine,MatchedIons,MissCleaveNum,Rank,Proteins
,1,File1577 Spectrum2343 scans: 15915,SWSFGEVKKPETINYR(7)-TFKPER(2):0,7.07E-04,2882.496464,1.0029,347.685107,null,1.pFind,1.pFind,0,-1,1,RpoC(39)-RpoC(50)
,,,,,,,,,,,,,,
Order,ProteinAC,MW,pI,UniquePepNum,Coverage(%),SpecNum,Non-ModifiedSpecNum,ModifiedSpecNum,UniqueModifiedPepNum,Description,,,,
12,RpoC(66)-RpoB(914),0,0,1,0,4,0,4,1,null,,,,
,,,,,,,,,,,,,,
,Order,Spectrum,Sequence,Score,Calc_M,Delta_M,ppm,Modification,Sample,Engine,MatchedIons,MissCleaveNum,Rank,Proteins
,1,File1577 Spectrum3094 scans: 17355,IFGPVKDYECLCGK(5)-ASDVKDSSLR(4):0,1.65E-06,2927.440644,1.00461,342.934384,"9,E(Carbamidomethyl_C);11,L(Carbamidomethyl_C);",1.pFind,1.pFind,0,-1,1,RpoC(66)-RpoB(914)
,,,,,,,,,,,,,,
,2,File1577 Spectrum3100 scans: 17367,IFGPVKDYECLCGK(5)-ASDVKDSSLR(4):0,8.88E-06,2927.440644,0.00557,1.902028,"9,E(Carbamidomethyl_C);11,L(Carbamidomethyl_C);",1.pFind,1.pFind,0,-1,1,RpoC(66)-RpoB(914)
,,,,,,,,,,,,,,
,3,File1577 Spectrum3169 scans: 17499,IFGPVKDYECLCGK(5)-ASDVKDSSLR(4):0,1.60E-05,2927.440644,1.00313,342.429344,"9,E(Carbamidomethyl_C);11,L(Carbamidomethyl_C);",1.pFind,1.pFind,0,-1,1,RpoC(66)-RpoB(914)
,,,,,,,,,,,,,,
,4,File1577 Spectrum3170 scans: 17500,IFGPVKDYECLCGK(5)-ASDVKDSSLR(4):0,1.60E-04,2927.440644,-0.00931,-3.179169,"9,E(Carbamidomethyl_C);11,L(Carbamidomethyl_C);",1.pFind,1.pFind,0,-1,1,RpoC(66)-RpoB(914)
,,,,,,,,,,,,,,
Order,ProteinAC,MW,pI,UniquePepNum,Coverage(%),SpecNum,Non-ModifiedSpecNum,ModifiedSpecNum,UniqueModifiedPepNum,Description,,,,
13,RpoC(395)-RpoC(334),0,0,1,0,1,1,0,0,null,,,,
,,,,,,,,,,,,,,
,Order,Spectrum,Sequence,Score,Calc_M,Delta_M,ppm,Modification,Sample,Engine,MatchedIons,MissCleaveNum,Rank,Proteins
,1,File1577 Spectrum624 scans: 11283,GLATTIKAAK(6)-GKQGR(1):0,3.56E-05,1683.004094,0.00136,0.807595,null,1.pFind,1.pFind,0,-1,1,RpoC(395)-RpoC(334)
,,,,,,,,,,,,,,
Order,ProteinAC,MW,pI,UniquePepNum,Coverage(%),SpecNum,Non-ModifiedSpecNum,ModifiedSpecNum,UniqueModifiedPepNum,Description,,,,
14,RpoC(521)-RpoA(1),0,0,1,0,2,0,2,1,null,,,,
,,,,,,,,,,,,,,
,Order,Spectrum,Sequence,Score,Calc_M,Delta_M,ppm,Modification,Sample,Engine,MatchedIons,MissCleaveNum,Rank,Proteins
,1,File1577 Spectrum4658 scans: 20263,DCVNAKGEGMVLTGPK(5)-MQGSVTEFLKPR(0):0,6.72E-12,3232.629194,-0.0023,-0.711274,"1,D(Carbamidomethyl_C);",1.pFind,1.pFind,0,-1,1,RpoC(521)-RpoA(1)
,,,,,,,,,,,,,,
,2,File1577 Spectrum4642 scans: 20239,DCVNAKGEGMVLTGPK(5)-MQGSVTEFLKPR(0):0,2.40E-07,3232.629194,1.00417,310.442523,"1,D(Carbamidomethyl_C);",1.pFind,1.pFind,0,-1,1,RpoC(521)-RpoA(1)
,,,,,,,,,,,,,,
Order,ProteinAC,MW,pI,UniquePepNum,Coverage(%),SpecNum,Non-ModifiedSpecNum,ModifiedSpecNum,UniqueModifiedPepNum,Description,,,,
15,RpoC(531)-RpoC(570),0,0,1,0,1,1,0,0,null,,,,
,,,,,,,,,,,,,,
,Order,Spectrum,Sequence,Score,Calc_M,Delta_M,ppm,Modification,Sample,Engine,MatchedIons,MissCleaveNum,Rank,Proteins
,1,File1577 Spectrum2192 scans: 15638,GEGMVLTGPKEAER(9)-TSLKDTTVGR(3):0,1.08E-08,2715.411074,-0.00806,-2.967151,null,1.pFind,1.pFind,0,-1,1,RpoC(531)-RpoC(570)
,,,,,,,,,,,,,,
Order,ProteinAC,MW,pI,UniquePepNum,Coverage(%),SpecNum,Non-ModifiedSpecNum,ModifiedSpecNum,UniqueModifiedPepNum,Description,,,,
16,RpoC(557)-RpoC(531),0,0,1,0,1,1,0,0,null,,,,
,,,,,,,,,,,,,,
,Order,Spectrum,Sequence,Score,Calc_M,Delta_M,ppm,Modification,Sample,Engine,MatchedIons,MissCleaveNum,Rank,Proteins
,1,File1577 Spectrum2495 scans: 16214,ITEYEKDANGELVAK(5)-GEGMVLTGPKEAER(9):0,1.10E-04,3317.669844,1.00541,302.863298,null,1.pFind,1.pFind,0,-1,1,RpoC(557)-RpoC(531)
,,,,,,,,,,,,,,
Order,ProteinAC,MW,pI,UniquePepNum,Coverage(%),SpecNum,Non-ModifiedSpecNum,ModifiedSpecNum,UniqueModifiedPepNum,Description,,,,
17,RpoC(557)-RpoC(570),0,0,1,0,1,1,0,0,null,,,,
,,,,,,,,,,,,,,
,Order,Spectrum,Sequence,Score,Calc_M,Delta_M,ppm,Modification,Sample,Engine,MatchedIons,MissCleaveNum,Rank,Proteins
,1,File1577 Spectrum2147 scans: 15531,ITEYEKDANGELVAK(5)-TSLKDTTVGR(3):0,3.73E-08,2921.523124,2.00881,686.880857,null,1.pFind,1.pFind,0,-1,1,RpoC(557)-RpoC(570)
,,,,,,,,,,,,,,
Order,ProteinAC,MW,pI,UniquePepNum,Coverage(%),SpecNum,Non-ModifiedSpecNum,ModifiedSpecNum,UniqueModifiedPepNum,Description,,,,
18,RpoC(557)-RpoC(781),0,0,1,0,2,2,0,0,null,,,,
,,,,,,,,,,,,,,
,Order,Spectrum,Sequence,Score,Calc_M,Delta_M,ppm,Modification,Sample,Engine,MatchedIons,MissCleaveNum,Rank,Proteins
,1,File1577 Spectrum2336 scans: 15902,ITEYEKDANGELVAK(5)-KGLADTALK(0):0,1.41E-05,2760.479454,3.00608,1087.389336,null,1.pFind,1.pFind,0,-1,1,RpoC(557)-RpoC(781)
,,,,,,,,,,,,,,
,2,File1577 Spectrum2333 scans: 15897,ITEYEKDANGELVAK(5)-KGLADTALK(0):0,5.62E-05,2760.479454,0.00216,0.782187,null,1.pFind,1.pFind,0,-1,1,RpoC(557)-RpoC(781)
,,,,,,,,,,,,,,
Order,ProteinAC,MW,pI,UniquePepNum,Coverage(%),SpecNum,Non-ModifiedSpecNum,ModifiedSpecNum,UniqueModifiedPepNum,Description,,,,
19,RpoC(570)-RpoC(599),0,0,1,0,1,1,0,0,null,,,,
,,,,,,,,,,,,,,
,Order,Spectrum,Sequence,Score,Calc_M,Delta_M,ppm,Modification,Sample,Engine,MatchedIons,MissCleaveNum,Rank,Proteins
,1,File1577 Spectrum723 scans: 11859,TSLKDTTVGR(3)-KAISK(0):0,1.98E-04,1788.035464,-0.00049,-0.27389,null,1.pFind,1.pFind,0,-1,1,RpoC(570)-RpoC(599)
,,,,,,,,,,,,,,
Order,ProteinAC,MW,pI,UniquePepNum,Coverage(%),SpecNum,Non-ModifiedSpecNum,ModifiedSpecNum,UniqueModifiedPepNum,Description,,,,
20,RpoC(598)-REVERSE_RpoC(859),0,0,1,0,1,1,0,0,null,,,,
,,,,,,,,,,,,,,
,Order,Spectrum,Sequence,Score,Calc_M,Delta_M,ppm,Modification,Sample,Engine,MatchedIons,MissCleaveNum,Rank,Proteins
,1,File1577 Spectrum2993 scans: 17148,GLPYSIVNQALGKK(12)-VKVR(1):0,1.72E-06,2153.293394,0.00294,1.36471,null,1.pFind,1.pFind,0,-1,1,RpoC(598)-REVERSE_RpoC(859)/RpoC(598)-RpoC(549)
,,,,,,,,,,,,,,
,ProteinAC,MW,pI,UniquePepNum,Coverage(%),SpecNum,Non-ModifiedSpecNum,ModifiedSpecNum,UniqueModifiedPepNum,Description,,,,
SameSet,RpoC(598)-RpoC(549),0,0,1,0,1,1,0,0,null,,,,
,,,,,,,,,,,,,,
Order,ProteinAC,MW,pI,UniquePepNum,Coverage(%),SpecNum,Non-ModifiedSpecNum,ModifiedSpecNum,UniqueModifiedPepNum,Description,,,,
21,RpoC(66)-RpoB(890),0,0,1,0,2,0,2,1,null,,,,
,,,,,,,,,,,,,,
,Order,Spectrum,Sequence,Score,Calc_M,Delta_M,ppm,Modification,Sample,Engine,MatchedIons,MissCleaveNum,Rank,Proteins
,1,File1577 Spectrum2963 scans: 17078,IFGPVKDYECLCGK(5)-VTPKGETQLTPEEK(3):0,5.65E-09,3406.703784,1.00223,294.020035,"9,E(Carbamidomethyl_C);11,L(Carbamidomethyl_C);",1.pFind,1.pFind,0,-1,1,RpoC(66)-RpoB(890)
,,,,,,,,,,,,,,
,2,File1577 Spectrum2925 scans: 17004,IFGPVKDYECLCGK(5)-VTPKGETQLTPEEK(3):0,5.76E-06,3406.703784,3.00931,882.309211,"9,E(Carbamidomethyl_C);11,L(Carbamidomethyl_C);",1.pFind,1.pFind,0,-1,1,RpoC(66)-RpoB(890)
,,,,,,,,,,,,,,
Order,ProteinAC,MW,pI,UniquePepNum,Coverage(%),SpecNum,Non-ModifiedSpecNum,ModifiedSpecNum,UniqueModifiedPepNum,Description,,,,
22,RpoC(66)-RpoB(900),0,0,1,0,1,0,1,1,null,,,,
,,,,,,,,,,,,,,
,Order,Spectrum,Sequence,Score,Calc_M,Delta_M,ppm,Modification,Sample,Engine,MatchedIons,MissCleaveNum,Rank,Proteins
,1,File1577 Spectrum4429 scans: 19848,IFGPVKDYECLCGK(5)-GETQLTPEEKLLR(9):0,1.47E-04,3363.709204,1.99557,592.735574,"9,E(Carbamidomethyl_C);11,L(Carbamidomethyl_C);",1.pFind,1.pFind,0,-1,1,RpoC(66)-RpoB(900)
,,,,,,,,,,,,,,
Order,ProteinAC,MW,pI,UniquePepNum,Coverage(%),SpecNum,Non-ModifiedSpecNum,ModifiedSpecNum,UniqueModifiedPepNum,Description,,,,
23,RpoC(1132)-RpoC(1251),0,0,1,0,1,1,0,0,null,,,,
,,,,,,,,,,,,,,
,Order,Spectrum,Sequence,Score,Calc_M,Delta_M,ppm,Modification,Sample,Engine,MatchedIons,MissCleaveNum,Rank,Proteins
,1,File1577 Spectrum2557 scans: 16319,IPQESGGTKDITGGLPR(8)-INDKHIEVIVR(3):0,7.49E-12,3225.771884,1.00783,312.235598,null,1.pFind,1.pFind,0,-1,1,RpoC(1132)-RpoC(1251)
,,,,,,,,,,,,,,
Order,ProteinAC,MW,pI,UniquePepNum,Coverage(%),SpecNum,Non-ModifiedSpecNum,ModifiedSpecNum,UniqueModifiedPepNum,Description,,,,
24,RpoC(1263)-RpoC(1286),0,0,1,0,2,2,0,0,null,,,,
,,,,,,,,,,,,,,
,Order,Spectrum,Sequence,Score,Calc_M,Delta_M,ppm,Modification,Sample,Engine,MatchedIons,MissCleaveNum,Rank,Proteins
,1,File1577 Spectrum2494 scans: 16213,KATIVNAGSSDFLEGEQVEYSR(0)-VKIANR(1):0,1.43E-04,3264.698794,0.99182,303.615465,null,1.pFind,1.pFind,0,-1,1,RpoC(1263)-RpoC(1286)
,,,,,,,,,,,,,,
,2,File1577 Spectrum2488 scans: 16202,KATIVNAGSSDFLEGEQVEYSR(0)-VKIANR(1):0,2.53E-04,3264.698794,1.98742,608.202699,null,1.pFind,1.pFind,0,-1,1,RpoC(1263)-RpoC(1286)
,,,,,,,,,,,,,,
Order,ProteinAC,MW,pI,UniquePepNum,Coverage(%),SpecNum,Non-ModifiedSpecNum,ModifiedSpecNum,UniqueModifiedPepNum,Description,,,,
25,RpoC(1132)-RpoB(161),0,0,1,0,1,1,0,0,null,,,,
,,,,,,,,,,,,,,
,Order,Spectrum,Sequence,Score,Calc_M,Delta_M,ppm,Modification,Sample,Engine,MatchedIons,MissCleaveNum,Rank,Proteins
,1,File1577 Spectrum3359 scans: 17876,IPQESGGTKDITGGLPR(8)-SPGVFFDSDKGK(9):0,3.17E-04,3173.624214,0.00172,0.541795,null,1.pFind,1.pFind,0,-1,1,RpoC(1132)-RpoB(161)
,,,,,,,,,,,,,,
Order,ProteinAC,MW,pI,UniquePepNum,Coverage(%),SpecNum,Non-ModifiedSpecNum,ModifiedSpecNum,UniqueModifiedPepNum,Description,,,,
26,RpoC(1132)-RpoC(781),0,0,1,0,1,1,0,0,null,,,,
,,,,,,,,,,,,,,
,Order,Spectrum,Sequence,Score,Calc_M,Delta_M,ppm,Modification,Sample,Engine,MatchedIons,MissCleaveNum,Rank,Proteins
,1,File1577 Spectrum2563 scans: 16329,IPQESGGTKDITGGLPR(8)-KGLADTALK(0):0,1.37E-06,2806.543784,0.00451,1.60638,null,1.pFind,1.pFind,0,-1,1,RpoC(1132)-RpoC(781)
,,,,,,,,,,,,,,
Order,ProteinAC,MW,pI,UniquePepNum,Coverage(%),SpecNum,Non-ModifiedSpecNum,ModifiedSpecNum,UniqueModifiedPepNum,Description,,,,
27,RpoC(1132)-RpoC(964),0,0,1,0,2,2,0,0,null,,,,
,,,,,,,,,,,,,,
,Order,Spectrum,Sequence,Score,Calc_M,Delta_M,ppm,Modification,Sample,Engine,MatchedIons,MissCleaveNum,Rank,Proteins
,1,File1577 Spectrum2195 scans: 15644,IPQESGGTKDITGGLPR(8)-LSNVKSVVNSSGK(4):0,5.75E-10,3208.730094,2.00692,624.869174,null,1.pFind,1.pFind,0,-1,1,RpoC(1132)-RpoC(964)
,,,,,,,,,,,,,,
,2,File1577 Spectrum2206 scans: 15658,IPQESGGTKDITGGLPR(8)-LSNVKSVVNSSGK(4):0,1.03E-08,3208.730094,2.01132,626.238288,null,1.pFind,1.pFind,0,-1,1,RpoC(1132)-RpoC(964)
,,,,,,,,,,,,,,
Order,ProteinAC,MW,pI,UniquePepNum,Coverage(%),SpecNum,Non-ModifiedSpecNum,ModifiedSpecNum,UniqueModifiedPepNum,Description,,,,
28,RpoC(1132)-RpoC(996),0,0,1,0,2,2,0,0,null,,,,
,,,,,,,,,,,,,,
,Order,Spectrum,Sequence,Score,Calc_M,Delta_M,ppm,Modification,Sample,Engine,MatchedIons,MissCleaveNum,Rank,Proteins
,1,File1577 Spectrum2439 scans: 16109,IPQESGGTKDITGGLPR(8)-TKESYKVPYGAVLAK(5):0,8.65E-12,3543.918604,1.00811,284.300273,null,1.pFind,1.pFind,0,-1,1,RpoC(1132)-RpoC(996)
,,,,,,,,,,,,,,
,2,File1577 Spectrum2436 scans: 16104,IPQESGGTKDITGGLPR(8)-TKESYKVPYGAVLAK(5):0,2.96E-08,3543.918604,4.00216,1127.709538,null,1.pFind,1.pFind,0,-1,1,RpoC(1132)-RpoC(996)
,,,,,,,,,,,,,,
Order,ProteinAC,MW,pI,UniquePepNum,Coverage(%),SpecNum,Non-ModifiedSpecNum,ModifiedSpecNum,UniqueModifiedPepNum,Description,,,,
29,RpoC(1151)-RpoC(1132),0,0,1,0,3,3,0,0,null,,,,
,,,,,,,,,,,,,,
,Order,Spectrum,Sequence,Score,Calc_M,Delta_M,ppm,Modification,Sample,Engine,MatchedIons,MissCleaveNum,Rank,Proteins
,1,File1577 Spectrum6663 scans: 23397,RPKEPAILAEISGIVSFGK(2)-IPQESGGTKDITGGLPR(8):0,2.83E-10,3902.151434,-0.00732,-1.875408,null,1.pFind,1.pFind,0,-1,1,RpoC(1151)-RpoC(1132)
,,,,,,,,,,,,,,
,2,File1577 Spectrum6732 scans: 23522,RPKEPAILAEISGIVSFGK(2)-IPQESGGTKDITGGLPR(8):0,1.08E-08,3902.151434,3.00993,770.558129,null,1.pFind,1.pFind,0,-1,1,RpoC(1151)-RpoC(1132)
,,,,,,,,,,,,,,
,3,File1577 Spectrum6592 scans: 23283,RPKEPAILAEISGIVSFGK(2)-IPQESGGTKDITGGLPR(8):0,9.99E-08,3902.151434,3.00933,770.404644,null,1.pFind,1.pFind,0,-1,1,RpoC(1151)-RpoC(1132)
,,,,,,,,,,,,,,
Order,ProteinAC,MW,pI,UniquePepNum,Coverage(%),SpecNum,Non-ModifiedSpecNum,ModifiedSpecNum,UniqueModifiedPepNum,Description,,,,
30,RpoC(1251)-RpoC(1286),0,0,1,0,2,2,0,0,null,,,,
,,,,,,,,,,,,,,
,Order,Spectrum,Sequence,Score,Calc_M,Delta_M,ppm,Modification,Sample,Engine,MatchedIons,MissCleaveNum,Rank,Proteins
,1,File1577 Spectrum1309 scans: 13696,INDKHIEVIVR(3)-VKIANR(1):0,1.07E-05,2200.305354,2.00766,911.197527,null,1.pFind,1.pFind,0,-1,1,RpoC(1251)-RpoC(1286)
,,,,,,,,,,,,,,
,2,File1577 Spectrum1297 scans: 13653,INDKHIEVIVR(3)-VKIANR(1):0,1.37E-04,2200.305354,2.00596,910.426667,null,1.pFind,1.pFind,0,-1,1,RpoC(1251)-RpoC(1286)
,,,,,,,,,,,,,,
Order,ProteinAC,MW,pI,UniquePepNum,Coverage(%),SpecNum,Non-ModifiedSpecNum,ModifiedSpecNum,UniqueModifiedPepNum,Description,,,,
31,RpoC(1263)-RpoC(1132),0,0,1,0,1,1,0,0,null,,,,
,,,,,,,,,,,,,,
,Order,Spectrum,Sequence,Score,Calc_M,Delta_M,ppm,Modification,Sample,Engine,MatchedIons,MissCleaveNum,Rank,Proteins
,1,File1577 Spectrum3791 scans: 18708,KATIVNAGSSDFLEGEQVEYSR(0)-IPQESGGTKDITGGLPR(8):0,1.52E-10,4290.165324,1.99549,464.805933,null,1.pFind,1.pFind,0,-1,1,RpoC(1263)-RpoC(1132)
,,,,,,,,,,,,,,
Order,ProteinAC,MW,pI,UniquePepNum,Coverage(%),SpecNum,Non-ModifiedSpecNum,ModifiedSpecNum,UniqueModifiedPepNum,Description,,,,
32,RpoC(1263)-RpoC(1251),0,0,1,0,4,4,0,0,null,,,,
,,,,,,,,,,,,,,
,Order,Spectrum,Sequence,Score,Calc_M,Delta_M,ppm,Modification,Sample,Engine,MatchedIons,MissCleaveNum,Rank,Proteins
,1,File1577 Spectrum3563 scans: 18269,KATIVNAGSSDFLEGEQVEYSR(0)-INDKHIEVIVR(3):0,3.39E-11,3900.026654,0.99441,254.844382,null,1.pFind,1.pFind,0,-1,1,RpoC(1263)-RpoC(1251)
,,,,,,,,,,,,,,
,2,File1577 Spectrum3591 scans: 18326,KATIVNAGSSDFLEGEQVEYSR(0)-INDKHIEVIVR(3):0,4.04E-11,3900.026654,0.98964,253.622251,null,1.pFind,1.pFind,0,-1,1,RpoC(1263)-RpoC(1251)
,,,,,,,,,,,,,,
,3,File1577 Spectrum3519 scans: 18186,KATIVNAGSSDFLEGEQVEYSR(0)-INDKHIEVIVR(3):0,8.09E-10,3900.026654,0.9982,255.815423,null,1.pFind,1.pFind,0,-1,1,RpoC(1263)-RpoC(1251)
,,,,,,,,,,,,,,
,4,File1577 Spectrum3509 scans: 18167,KATIVNAGSSDFLEGEQVEYSR(0)-INDKHIEVIVR(3):0,4.15E-05,3900.026654,3.00431,769.539081,null,1.pFind,1.pFind,0,-1,1,RpoC(1263)-RpoC(1251)
,,,,,,,,,,,,,,
Order,ProteinAC,MW,pI,UniquePepNum,Coverage(%),SpecNum,Non-ModifiedSpecNum,ModifiedSpecNum,UniqueModifiedPepNum,Description,,,,
33,RpoC(213)-RpoC(216),0,0,1,0,1,0,1,1,null,,,,
,,,,,,,,,,,,,,
,Order,Spectrum,Sequence,Score,Calc_M,Delta_M,ppm,Modification,Sample,Engine,MatchedIons,MissCleaveNum,Rank,Proteins
,1,File1577 Spectrum2471 scans: 16162,SMDLEQECEQLREELNETNSETKR(22)-KLTKR(0):0,6.42E-06,3777.851104,2.01121,531.943764,"7,E(Carbamidomethyl_C);",1.pFind,1.pFind,0,-1,1,RpoC(213)-RpoC(216)
,,,,,,,,,,,,,,
Order,ProteinAC,MW,pI,UniquePepNum,Coverage(%),SpecNum,Non-ModifiedSpecNum,ModifiedSpecNum,UniqueModifiedPepNum,Description,,,,
34,RpoC(1263)-RpoC(1340),0,0,1,0,1,1,0,0,null,,,,
,,,,,,,,,,,,,,
,Order,Spectrum,Sequence,Score,Calc_M,Delta_M,ppm,Modification,Sample,Engine,MatchedIons,MissCleaveNum,Rank,Proteins
,1,File1577 Spectrum3221 scans: 17598,KATIVNAGSSDFLEGEQVEYSR(0)-VLTEAAVAGKR(9):0,9.04E-06,3678.910224,3.01111,817.585764,null,1.pFind,1.pFind,0,-1,1,RpoC(1263)-RpoC(1340)
,,,,,,,,,,,,,,
Order,ProteinAC,MW,pI,UniquePepNum,Coverage(%),SpecNum,Non-ModifiedSpecNum,ModifiedSpecNum,UniqueModifiedPepNum,Description,,,,
35,RpoC(1297)-RpoC(1072),0,0,1,0,3,3,0,0,null,,,,
,,,,,,,,,,,,,,
,Order,Spectrum,Sequence,Score,Calc_M,Delta_M,ppm,Modification,Sample,Engine,MatchedIons,MissCleaveNum,Rank,Proteins
,1,File1577 Spectrum1311 scans: 13704,ELEANGKVGATYSR(6)-TAGGKDLRPALK(4):0,1.01E-05,2885.560834,2.01014,695.892521,null,1.pFind,1.pFind,0,-1,1,RpoC(1297)-RpoC(1072)
,,,,,,,,,,,,,,
,2,File1577 Spectrum1471 scans: 14177,ELEANGKVGATYSR(6)-TAGGKDLRPALK(4):0,4.03E-05,2885.560834,2.99683,1037.121526,null,1.pFind,1.pFind,0,-1,1,RpoC(1297)-RpoC(1072)
,,,,,,,,,,,,,,
,3,File1577 Spectrum1305 scans: 13683,ELEANGKVGATYSR(6)-TAGGKDLRPALK(4):0,2.30E-04,2885.560834,-0.00122,-0.422647,null,1.pFind,1.pFind,0,-1,1,RpoC(1297)-RpoC(1072)
,,,,,,,,,,,,,,
Order,ProteinAC,MW,pI,UniquePepNum,Coverage(%),SpecNum,Non-ModifiedSpecNum,ModifiedSpecNum,UniqueModifiedPepNum,Description,,,,
36,RpoC(1297)-RpoC(1286),0,0,1,0,1,1,0,0,null,,,,
,,,,,,,,,,,,,,
,Order,Spectrum,Sequence,Score,Calc_M,Delta_M,ppm,Modification,Sample,Engine,MatchedIons,MissCleaveNum,Rank,Proteins
,1,File1577 Spectrum921 scans: 12597,ELEANGKVGATYSR(6)-VKIANR(1):0,1.50E-05,2359.285744,-0.00869,-3.68176,null,1.pFind,1.pFind,0,-1,1,RpoC(1297)-RpoC(1286)
,,,,,,,,,,,,,,
Order,ProteinAC,MW,pI,UniquePepNum,Coverage(%),SpecNum,Non-ModifiedSpecNum,ModifiedSpecNum,UniqueModifiedPepNum,Description,,,,
37,RpoC(1297)-RpoC(1348),0,0,1,0,1,1,0,0,null,,,,
,,,,,,,,,,,,,,
,Order,Spectrum,Sequence,Score,Calc_M,Delta_M,ppm,Modification,Sample,Engine,MatchedIons,MissCleaveNum,Rank,Proteins
,1,File1577 Spectrum2406 scans: 16045,ELEANGKVGATYSR(6)-GLKENVIVGR(2):0,3.78E-14,2743.486614,-0.00256,-0.932778,null,1.pFind,1.pFind,0,-1,1,RpoC(1297)-RpoC(1348)
,,,,,,,,,,,,,,
Order,ProteinAC,MW,pI,UniquePepNum,Coverage(%),SpecNum,Non-ModifiedSpecNum,ModifiedSpecNum,UniqueModifiedPepNum,Description,,,,
38,RpoC(13)-RpoC(40),0,0,1,0,2,2,0,0,null,,,,
,,,,,,,,,,,,,,
,Order,Spectrum,Sequence,Score,Calc_M,Delta_M,ppm,Modification,Sample,Engine,MatchedIons,MissCleaveNum,Rank,Proteins
,1,File1577 Spectrum1651 scans: 14618,AQTKTEEFDAIK(3)-KPETINYR(0):0,4.64E-10,2565.332424,3.00783,1170.659074,null,1.pFind,1.pFind,0,-1,1,RpoC(13)-RpoC(40)
,,,,,,,,,,,,,,
,2,File1577 Spectrum1626 scans: 14562,AQTKTEEFDAIK(3)-KPETINYR(0):0,1.11E-07,2565.332424,0.00347,1.352118,null,1.pFind,1.pFind,0,-1,1,RpoC(13)-RpoC(40)
,,,,,,,,,,,,,,
Order,ProteinAC,MW,pI,UniquePepNum,Coverage(%),SpecNum,Non-ModifiedSpecNum,ModifiedSpecNum,UniqueModifiedPepNum,Description,,,,
39,RpoC(13)-RpoC(6),0,0,1,0,1,1,0,0,null,,,,
,,,,,,,,,,,,,,
,Order,Spectrum,Sequence,Score,Calc_M,Delta_M,ppm,Modification,Sample,Engine,MatchedIons,MissCleaveNum,Rank,Proteins
,1,File1577 Spectrum4198 scans: 19408,AQTKTEEFDAIK(3)-MKDLLKFLK(5):0,9.50E-04,2680.475904,1.00046,372.960336,null,1.pFind,1.pFind,0,-1,1,RpoC(13)-RpoC(6)
,,,,,,,,,,,,,,
Order,ProteinAC,MW,pI,UniquePepNum,Coverage(%),SpecNum,Non-ModifiedSpecNum,ModifiedSpecNum,UniqueModifiedPepNum,Description,,,,
40,RpoC(1340)-RpoC(50),0,0,1,0,1,1,0,0,null,,,,
,,,,,,,,,,,,,,
,Order,Spectrum,Sequence,Score,Calc_M,Delta_M,ppm,Modification,Sample,Engine,MatchedIons,MissCleaveNum,Rank,Proteins
,1,File1577 Spectrum1209 scans: 13404,VLTEAAVAGKR(9)-TFKPER(2):0,2.31E-06,2056.167854,0.00056,0.272218,null,1.pFind,1.pFind,0,-1,1,RpoC(1340)-RpoC(50)
,,,,,,,,,,,,,,
Order,ProteinAC,MW,pI,UniquePepNum,Coverage(%),SpecNum,Non-ModifiedSpecNum,ModifiedSpecNum,UniqueModifiedPepNum,Description,,,,
41,RpoC(1348)-RpoC(1286),0,0,1,0,1,1,0,0,null,,,,
,,,,,,,,,,,,,,
,Order,Spectrum,Sequence,Score,Calc_M,Delta_M,ppm,Modification,Sample,Engine,MatchedIons,MissCleaveNum,Rank,Proteins
,1,File1577 Spectrum1455 scans: 14139,GLKENVIVGR(2)-VKIANR(1):0,1.45E-05,1949.178364,0.00273,1.399865,null,1.pFind,1.pFind,0,-1,1,RpoC(1348)-RpoC(1286)
,,,,,,,,,,,,,,
Order,ProteinAC,MW,pI,UniquePepNum,Coverage(%),SpecNum,Non-ModifiedSpecNum,ModifiedSpecNum,UniqueModifiedPepNum,Description,,,,
42,RpoC(87)-RpoC(40),0,0,1,0,1,0,1,1,null,,,,
,,,,,,,,,,,,,,
,Order,Spectrum,Sequence,Score,Calc_M,Delta_M,ppm,Modification,Sample,Engine,MatchedIons,MissCleaveNum,Rank,Proteins
,1,File1577 Spectrum1410 scans: 13985,GVICEKCGVEVTQTK(5)-KPETINYR(0):0,4.30E-13,2892.472294,0.00396,1.368593,"3,I(Carbamidomethyl_C);6,K(Carbamidomethyl_C);",1.pFind,1.pFind,0,-1,1,RpoC(87)-RpoC(40)
,,,,,,,,,,,,,,
Order,ProteinAC,MW,pI,UniquePepNum,Coverage(%),SpecNum,Non-ModifiedSpecNum,ModifiedSpecNum,UniqueModifiedPepNum,Description,,,,
43,UvrD(448)-RpoB(914),0,0,1,0,1,1,0,0,null,,,,
,,,,,,,,,,,,,,
,Order,Spectrum,Sequence,Score,Calc_M,Delta_M,ppm,Modification,Sample,Engine,MatchedIons,MissCleaveNum,Rank,Proteins
,1,File1577 Spectrum2433 scans: 16100,ELLQEKALAGR(5)-ASDVKDSSLR(4):0,1.30E-05,2469.343644,1.00761,407.715023,null,1.pFind,1.pFind,0,-1,1,UvrD(448)-RpoB(914)
,,,,,,,,,,,,,,
Order,ProteinAC,MW,pI,UniquePepNum,Coverage(%),SpecNum,Non-ModifiedSpecNum,ModifiedSpecNum,UniqueModifiedPepNum,Description,,,,
44,UvrD(242)-RpoC(781),0,0,1,0,1,1,0,0,null,,,,
,,,,,,,,,,,,,,
,Order,Spectrum,Sequence,Score,Calc_M,Delta_M,ppm,Modification,Sample,Engine,MatchedIons,MissCleaveNum,Rank,Proteins
,1,File1577 Spectrum5496 scans: 21499,LLAGDTGKVMIVGDDDQSIYGWR(7)-KGLADTALK(0):0,7.72E-06,3589.869934,1.00988,281.155831,null,1.pFind,1.pFind,0,-1,1,UvrD(242)-RpoC(781)
,,,,,,,,,,,,,,
Order,ProteinAC,MW,pI,UniquePepNum,Coverage(%),SpecNum,Non-ModifiedSpecNum,ModifiedSpecNum,UniqueModifiedPepNum,Description,,,,
45,RpoC(996)-RpoC(983),0,0,1,0,1,1,0,0,null,,,,
,,,,,,,,,,,,,,
,Order,Spectrum,Sequence,Score,Calc_M,Delta_M,ppm,Modification,Sample,Engine,MatchedIons,MissCleaveNum,Rank,Proteins
,1,File1577 Spectrum3978 scans: 19053,TKESYKVPYGAVLAK(5)-NTELKLIDEFGR(4):0,5.03E-06,3252.764344,1.00727,309.474171,null,1.pFind,1.pFind,0,-1,1,RpoC(996)-RpoC(983)
,,,,,,,,,,,,,,
Order,ProteinAC,MW,pI,UniquePepNum,Coverage(%),SpecNum,Non-ModifiedSpecNum,ModifiedSpecNum,UniqueModifiedPepNum,Description,,,,
46,RpoC(996)-RpoC(972),0,0,1,0,1,1,0,0,null,,,,
,,,,,,,,,,,,,,
,Order,Spectrum,Sequence,Score,Calc_M,Delta_M,ppm,Modification,Sample,Engine,MatchedIons,MissCleaveNum,Rank,Proteins
,1,File1577 Spectrum2355 scans: 15940,TKESYKVPYGAVLAK(5)-SVVNSSGKLVITSR(7):0,7.60E-05,3264.833104,0.99966,306.002127,null,1.pFind,1.pFind,0,-1,1,RpoC(996)-RpoC(972)
,,,,,,,,,,,,,,
Order,ProteinAC,MW,pI,UniquePepNum,Coverage(%),SpecNum,Non-ModifiedSpecNum,ModifiedSpecNum,UniqueModifiedPepNum,Description,,,,
47,RpoC(996)-RpoC(1072),0,0,1,0,1,1,0,0,null,,,,
,,,,,,,,,,,,,,
,Order,Spectrum,Sequence,Score,Calc_M,Delta_M,ppm,Modification,Sample,Engine,MatchedIons,MissCleaveNum,Rank,Proteins
,1,File1577 Spectrum1565 scans: 14385,TKESYKVPYGAVLAK(5)-TAGGKDLRPALK(4):0,7.67E-05,3044.727164,2.00164,656.762904,null,1.pFind,1.pFind,0,-1,1,RpoC(996)-RpoC(1072)
,,,,,,,,,,,,,,
Order,ProteinAC,MW,pI,UniquePepNum,Coverage(%),SpecNum,Non-ModifiedSpecNum,ModifiedSpecNum,UniqueModifiedPepNum,Description,,,,
48,RpoC(992)-RpoC(983),0,0,1,0,2,2,0,0,null,,,,
,,,,,,,,,,,,,,
,Order,Spectrum,Sequence,Score,Calc_M,Delta_M,ppm,Modification,Sample,Engine,MatchedIons,MissCleaveNum,Rank,Proteins
,1,File1577 Spectrum3896 scans: 18901,TKESYKVPYGAVLAK(1)-NTELKLIDEFGR(4):0,2.49E-09,3252.764344,1.01822,312.837403,null,1.pFind,1.pFind,0,-1,1,RpoC(992)-RpoC(983)
,,,,,,,,,,,,,,
,2,File1577 Spectrum3904 scans: 18914,TKESYKVPYGAVLAK(1)-NTELKLIDEFGR(4):0,2.84E-05,3252.764344,2.00487,615.788586,null,1.pFind,1.pFind,0,-1,1,RpoC(992)-RpoC(983)
,,,,,,,,,,,,,,
Order,ProteinAC,MW,pI,UniquePepNum,Coverage(%),SpecNum,Non-ModifiedSpecNum,ModifiedSpecNum,UniqueModifiedPepNum,Description,,,,
49,RpoC(992)-RpoC(964),0,0,1,0,3,3,0,0,null,,,,
,,,,,,,,,,,,,,
,Order,Spectrum,Sequence,Score,Calc_M,Delta_M,ppm,Modification,Sample,Engine,MatchedIons,MissCleaveNum,Rank,Proteins
,1,File1577 Spectrum1785 scans: 14899,TKESYKVPYGAVLAK(1)-LSNVKSVVNSSGK(4):0,4.21E-12,3136.738144,2.00112,637.35081,null,1.pFind,1.pFind,0,-1,1,RpoC(992)-RpoC(964)
,,,,,,,,,,,,,,
,2,File1577 Spectrum1842 scans: 14994,TKESYKVPYGAVLAK(1)-LSNVKSVVNSSGK(4):0,7.19E-12,3136.738144,3.01157,958.867563,null,1.pFind,1.pFind,0,-1,1,RpoC(992)-RpoC(964)
,,,,,,,,,,,,,,
,3,File1577 Spectrum1865 scans: 15029,TKESYKVPYGAVLAK(1)-LSNVKSVVNSSGK(4):0,2.03E-08,3136.738144,1.00472,320.101937,null,1.pFind,1.pFind,0,-1,1,RpoC(992)-RpoC(964)
,,,,,,,,,,,,,,
Order,ProteinAC,MW,pI,UniquePepNum,Coverage(%),SpecNum,Non-ModifiedSpecNum,ModifiedSpecNum,UniqueModifiedPepNum,Description,,,,
50,RpoC(983)-RpoC(964),0,0,1,0,2,2,0,0,null,,,,
,,,,,,,,,,,,,,
,Order,Spectrum,Sequence,Score,Calc_M,Delta_M,ppm,Modification,Sample,Engine,MatchedIons,MissCleaveNum,Rank,Proteins
,1,File1577 Spectrum3737 scans: 18579,NTELKLIDEFGR(4)-LSNVKSVVNSSGK(4):0,2.26E-09,2917.575834,2.01322,689.31813,null,1.pFind,1.pFind,0,-1,1,RpoC(983)-RpoC(964)
,,,,,,,,,,,,,,
,2,File1577 Spectrum3669 scans: 18452,NTELKLIDEFGR(4)-LSNVKSVVNSSGK(4):0,2.56E-04,2917.575834,0.99978,342.439327,null,1.pFind,1.pFind,0,-1,1,RpoC(983)-RpoC(964)
,,,,,,,,,,,,,,
Order,ProteinAC,MW,pI,UniquePepNum,Coverage(%),SpecNum,Non-ModifiedSpecNum,ModifiedSpecNum,UniqueModifiedPepNum,Description,,,,
51,RpoC(972)-RpoC(959),0,0,1,0,1,1,0,0,null,,,,
,,,,,,,,,,,,,,
,Order,Spectrum,Sequence,Score,Calc_M,Delta_M,ppm,Modification,Sample,Engine,MatchedIons,MissCleaveNum,Rank,Proteins
,1,File1577 Spectrum1812 scans: 14942,SVVNSSGKLVITSR(7)-GSIKLSNVK(3):0,3.83E-04,2556.484844,0.00169,0.660803,null,1.pFind,1.pFind,0,-1,1,RpoC(972)-RpoC(959)
,,,,,,,,,,,,,,
Order,ProteinAC,MW,pI,UniquePepNum,Coverage(%),SpecNum,Non-ModifiedSpecNum,ModifiedSpecNum,UniqueModifiedPepNum,Description,,,,
52,RpoC(972)-RpoC(781),0,0,1,0,1,1,0,0,null,,,,
,,,,,,,,,,,,,,
,Order,Spectrum,Sequence,Score,Calc_M,Delta_M,ppm,Modification,Sample,Engine,MatchedIons,MissCleaveNum,Rank,Proteins
,1,File1577 Spectrum2418 scans: 16074,SVVNSSGKLVITSR(7)-KGLADTALK(0):0,1.66E-07,2527.458284,0.99965,395.202115,null,1.pFind,1.pFind,0,-1,1,RpoC(972)-RpoC(781)
,,,,,,,,,,,,,,
Order,ProteinAC,MW,pI,UniquePepNum,Coverage(%),SpecNum,Non-ModifiedSpecNum,ModifiedSpecNum,UniqueModifiedPepNum,Description,,,,
53,RpoC(972)-RpoB(914),0,0,1,0,2,2,0,0,null,,,,
,,,,,,,,,,,,,,
,Order,Spectrum,Sequence,Score,Calc_M,Delta_M,ppm,Modification,Sample,Engine,MatchedIons,MissCleaveNum,Rank,Proteins
,1,File1577 Spectrum1956 scans: 15216,SVVNSSGKLVITSR(7)-ASDVKDSSLR(4):0,3.61E-06,2688.465564,1.00433,373.290661,null,1.pFind,1.pFind,0,-1,1,RpoC(972)-RpoB(914)
,,,,,,,,,,,,,,
,2,File1577 Spectrum1927 scans: 15166,SVVNSSGKLVITSR(7)-ASDVKDSSLR(4):0,3.06E-04,2688.465564,-0.00419,-1.557929,null,1.pFind,1.pFind,0,-1,1,RpoC(972)-RpoB(914)
,,,,,,,,,,,,,,
Order,ProteinAC,MW,pI,UniquePepNum,Coverage(%),SpecNum,Non-ModifiedSpecNum,ModifiedSpecNum,UniqueModifiedPepNum,Description,,,,
54,RpoC(911)-RpoC(972),0,0,1,0,1,1,0,0,null,,,,
,,,,,,,,,,,,,,
,Order,Spectrum,Sequence,Score,Calc_M,Delta_M,ppm,Modification,Sample,Engine,MatchedIons,MissCleaveNum,Rank,Proteins
,1,File1577 Spectrum6445 scans: 23023,GHIINKGEAIGVIAAQSIGEPGTQLTMR(5)-SVVNSSGKLVITSR(7):0,3.58E-06,4472.442234,3.01698,673.964612,null,1.pFind,1.pFind,0,-1,1,RpoC(911)-RpoC(972)
,,,,,,,,,,,,,,
Order,ProteinAC,MW,pI,UniquePepNum,Coverage(%),SpecNum,Non-ModifiedSpecNum,ModifiedSpecNum,UniqueModifiedPepNum,Description,,,,
55,RpoC(911)-RpoC(557),0,0,1,0,8,8,0,0,null,,,,
,,,,,,,,,,,,,,
,Order,Spectrum,Sequence,Score,Calc_M,Delta_M,ppm,Modification,Sample,Engine,MatchedIons,MissCleaveNum,Rank,Proteins
,1,File1577 Spectrum5712 scans: 21858,GHIINKGEAIGVIAAQSIGEPGTQLTMR(5)-ITEYEKDANGELVAK(5):0,9.36E-10,4705.463404,1.98006,420.53323,null,1.pFind,1.pFind,0,-1,1,RpoC(911)-RpoC(557)
,,,,,,,,,,,,,,
,2,File1577 Spectrum5789 scans: 21985,GHIINKGEAIGVIAAQSIGEPGTQLTMR(5)-ITEYEKDANGELVAK(5):0,3.08E-09,4705.463404,2.99476,635.90232,null,1.pFind,1.pFind,0,-1,1,RpoC(911)-RpoC(557)
,,,,,,,,,,,,,,
,3,File1577 Spectrum5792 scans: 21988,GHIINKGEAIGVIAAQSIGEPGTQLTMR(5)-ITEYEKDANGELVAK(5):0,2.63E-07,4705.463404,4.00126,849.439303,null,1.pFind,1.pFind,0,-1,1,RpoC(911)-RpoC(557)
,,,,,,,,,,,,,,
,4,File1577 Spectrum5882 scans: 22135,GHIINKGEAIGVIAAQSIGEPGTQLTMR(5)-ITEYEKDANGELVAK(5):0,1.07E-06,4705.463404,1.97031,418.463352,null,1.pFind,1.pFind,0,-1,1,RpoC(911)-RpoC(557)
,,,,,,,,,,,,,,
,5,File1577 Spectrum5970 scans: 22265,GHIINKGEAIGVIAAQSIGEPGTQLTMR(5)-ITEYEKDANGELVAK(5):0,1.36E-05,4705.463404,2.98991,634.873133,null,1.pFind,1.pFind,0,-1,1,RpoC(911)-RpoC(557)
,,,,,,,,,,,,,,
,6,File1577 Spectrum6103 scans: 22489,GHIINKGEAIGVIAAQSIGEPGTQLTMR(5)-ITEYEKDANGELVAK(5):0,2.21E-05,4705.463404,1.99656,424.036082,null,1.pFind,1.pFind,0,-1,1,RpoC(911)-RpoC(557)
,,,,,,,,,,,,,,
,7,File1577 Spectrum6176 scans: 22598,GHIINKGEAIGVIAAQSIGEPGTQLTMR(5)-ITEYEKDANGELVAK(5):0,5.56E-05,4705.463404,4.00581,850.404414,null,1.pFind,1.pFind,0,-1,1,RpoC(911)-RpoC(557)
,,,,,,,,,,,,,,
,8,File1577 Spectrum5633 scans: 21718,GHIINKGEAIGVIAAQSIGEPGTQLTMR(5)-ITEYEKDANGELVAK(5):0,1.60E-04,4705.463404,3.00666,638.427533,null,1.pFind,1.pFind,0,-1,1,RpoC(911)-RpoC(557)
,,,,,,,,,,,,,,
Order,ProteinAC,MW,pI,UniquePepNum,Coverage(%),SpecNum,Non-ModifiedSpecNum,ModifiedSpecNum,UniqueModifiedPepNum,Description,,,,
56,RpoC(9)-RpoC(1),0,0,1,0,2,2,0,0,null,,,,
,,,,,,,,,,,,,,
,Order,Spectrum,Sequence,Score,Calc_M,Delta_M,ppm,Modification,Sample,Engine,MatchedIons,MissCleaveNum,Rank,Proteins
,1,File1577 Spectrum1852 scans: 15010,FLKAQTK(2)-MKDLLK(0):0,1.88E-04,1747.031564,0.00145,0.8295,null,1.pFind,1.pFind,0,-1,1,RpoC(9)-RpoC(1)
,,,,,,,,,,,,,,
,2,File1577 Spectrum1918 scans: 15139,FLKAQTK(2)-MKDLLK(0):0,4.08E-04,1747.031564,0.00257,1.470217,null,1.pFind,1.pFind,0,-1,1,RpoC(9)-RpoC(1)
,,,,,,,,,,,,,,
Order,ProteinAC,MW,pI,UniquePepNum,Coverage(%),SpecNum,Non-ModifiedSpecNum,ModifiedSpecNum,UniqueModifiedPepNum,Description,,,,
57,RpoC(87)-RpoC(66),0,0,1,0,1,0,1,1,null,,,,
,,,,,,,,,,,,,,
,Order,Spectrum,Sequence,Score,Calc_M,Delta_M,ppm,Modification,Sample,Engine,MatchedIons,MissCleaveNum,Rank,Proteins
,1,File1577 Spectrum3266 scans: 17678,GVICEKCGVEVTQTK(5)-IFGPVKDYECLCGK(5):0,2.29E-06,3557.727574,1.00064,281.099538,"3,I(Carbamidomethyl_C);6,K(Carbamidomethyl_C);24,V(Carbamidomethyl_C);26,D(Carbamidomethyl_C);",1.pFind,1.pFind,0,-1,1,RpoC(87)-RpoC(66)
,,,,,,,,,,,,,,
Order,ProteinAC,MW,pI,UniquePepNum,Coverage(%),SpecNum,Non-ModifiedSpecNum,ModifiedSpecNum,UniqueModifiedPepNum,Description,,,,
58,RpoC(66)-RpoC(50),0,0,1,0,1,0,1,1,null,,,,
,,,,,,,,,,,,,,
,Order,Spectrum,Sequence,Score,Calc_M,Delta_M,ppm,Modification,Sample,Engine,MatchedIons,MissCleaveNum,Rank,Proteins
,1,File1577 Spectrum4084 scans: 19228,IFGPVKDYECLCGK(5)-TFKPERDGLFCAR(2):0,7.85E-05,3446.682274,0.03094,8.974045,"9,E(Carbamidomethyl_C);11,L(Carbamidomethyl_C);24,R(Carbamidomethyl_C);",1.pFind,1.pFind,0,-1,1,RpoC(66)-RpoC(50)
,,,,,,,,,,,,,,
Order,ProteinAC,MW,pI,UniquePepNum,Coverage(%),SpecNum,Non-ModifiedSpecNum,ModifiedSpecNum,UniqueModifiedPepNum,Description,,,,
59,RpoC(87)-RpoB(914),0,0,1,0,1,0,1,1,null,,,,
,,,,,,,,,,,,,,
,Order,Spectrum,Sequence,Score,Calc_M,Delta_M,ppm,Modification,Sample,Engine,MatchedIons,MissCleaveNum,Rank,Proteins
,1,File1577 Spectrum1511 scans: 14285,GVICEKCGVEVTQTK(5)-ASDVKDSSLR(4):0,9.69E-06,2949.478494,0.01216,4.121338,"3,I(Carbamidomethyl_C);6,K(Carbamidomethyl_C);",1.pFind,1.pFind,0,-1,1,RpoC(87)-RpoB(914)
,,,,,,,,,,,,,,
Order,ProteinAC,MW,pI,UniquePepNum,Coverage(%),SpecNum,Non-ModifiedSpecNum,ModifiedSpecNum,UniqueModifiedPepNum,Description,,,,
60,RpoC(87)-RpoB(900),0,0,1,0,1,0,1,1,null,,,,
,,,,,,,,,,,,,,
,Order,Spectrum,Sequence,Score,Calc_M,Delta_M,ppm,Modification,Sample,Engine,MatchedIons,MissCleaveNum,Rank,Proteins
,1,File1577 Spectrum2866 scans: 16917,GVICEKCGVEVTQTK(5)-GETQLTPEEKLLR(9):0,3.84E-04,3385.747054,2.00608,591.980476,"3,I(Carbamidomethyl_C);6,K(Carbamidomethyl_C);",1.pFind,1.pFind,0,-1,1,RpoC(87)-RpoB(900)
,,,,,,,,,,,,,,
Order,ProteinAC,MW,pI,UniquePepNum,Coverage(%),SpecNum,Non-ModifiedSpecNum,ModifiedSpecNum,UniqueModifiedPepNum,Description,,,,
61,RpoC(850)-RpoC(992),0,0,1,0,1,1,0,0,null,,,,
,,,,,,,,,,,,,,
,Order,Spectrum,Sequence,Score,Calc_M,Delta_M,ppm,Modification,Sample,Engine,MatchedIons,MissCleaveNum,Rank,Proteins
,1,File1577 Spectrum4099 scans: 19250,VTAEDVLKPGTADILVPR(7)-TKESYKVPYGAVLAK(1):0,5.73E-12,3712.070004,1.00276,269.988796,null,1.pFind,1.pFind,0,-1,1,RpoC(850)-RpoC(992)
,,,,,,,,,,,,,,
Order,ProteinAC,MW,pI,UniquePepNum,Coverage(%),SpecNum,Non-ModifiedSpecNum,ModifiedSpecNum,UniqueModifiedPepNum,Description,,,,
62,RpoC(850)-RpoC(959),0,0,1,0,1,1,0,0,null,,,,
,,,,,,,,,,,,,,
,Order,Spectrum,Sequence,Score,Calc_M,Delta_M,ppm,Modification,Sample,Engine,MatchedIons,MissCleaveNum,Rank,Proteins
,1,File1577 Spectrum3108 scans: 17384,VTAEDVLKPGTADILVPR(7)-NKGSIKLSNVK(5):0,1.15E-06,3245.859634,3.0009,923.391404,null,1.pFind,1.pFind,0,-1,1,RpoC(850)-RpoC(959)
,,,,,,,,,,,,,,
Order,ProteinAC,MW,pI,UniquePepNum,Coverage(%),SpecNum,Non-ModifiedSpecNum,ModifiedSpecNum,UniqueModifiedPepNum,Description,,,,
63,RpoC(789)-RpoC(1132),0,0,1,0,1,1,0,0,null,,,,
,,,,,,,,,,,,,,
,Order,Spectrum,Sequence,Score,Calc_M,Delta_M,ppm,Modification,Sample,Engine,MatchedIons,MissCleaveNum,Rank,Proteins
,1,File1577 Spectrum2828 scans: 16852,KGLADTALKTANSGYLTR(8)-IPQESGGTKDITGGLPR(8):0,1.87E-12,3770.021174,1.00169,265.557263,null,1.pFind,1.pFind,0,-1,1,RpoC(789)-RpoC(1132)
,,,,,,,,,,,,,,
Order,ProteinAC,MW,pI,UniquePepNum,Coverage(%),SpecNum,Non-ModifiedSpecNum,ModifiedSpecNum,UniqueModifiedPepNum,Description,,,,
64,RpoC(781)-RpoB(163),0,0,1,0,2,2,0,0,null,,,,
,,,,,,,,,,,,,,
,Order,Spectrum,Sequence,Score,Calc_M,Delta_M,ppm,Modification,Sample,Engine,MatchedIons,MissCleaveNum,Rank,Proteins
,1,File1577 Spectrum383 scans: 9864,KGLADTALK(0)-GKTHSSGK(1):0,3.84E-07,1882.052164,-0.00279,-1.481634,null,1.pFind,1.pFind,0,-1,1,RpoC(781)-RpoB(163)
,,,,,,,,,,,,,,
,2,File1577 Spectrum379 scans: 9841,KGLADTALK(0)-GKTHSSGK(1):0,1.90E-06,1882.052164,-0.00083,-0.440772,null,1.pFind,1.pFind,0,-1,1,RpoC(781)-RpoB(163)
,,,,,,,,,,,,,,
Order,ProteinAC,MW,pI,UniquePepNum,Coverage(%),SpecNum,Non-ModifiedSpecNum,ModifiedSpecNum,UniqueModifiedPepNum,Description,,,,
65,RpoC(749)-RpoC(850),0,0,1,0,1,1,0,0,null,,,,
,,,,,,,,,,,,,,
,Order,Spectrum,Sequence,Score,Calc_M,Delta_M,ppm,Modification,Sample,Engine,MatchedIons,MissCleaveNum,Rank,Proteins
,1,File1577 Spectrum6733 scans: 23523,GLMAKPDGSIIETPITANFR(4)-VTAEDVLKPGTADILVPR(7):0,1.92E-04,4189.270564,2.00941,479.311145,null,1.pFind,1.pFind,0,-1,1,RpoC(749)-RpoC(850)
,,,,,,,,,,,,,,
Order,ProteinAC,MW,pI,UniquePepNum,Coverage(%),SpecNum,Non-ModifiedSpecNum,ModifiedSpecNum,UniqueModifiedPepNum,Description,,,,
66,RpoC(749)-RpoC(789),0,0,1,0,1,1,0,0,null,,,,
,,,,,,,,,,,,,,
,Order,Spectrum,Sequence,Score,Calc_M,Delta_M,ppm,Modification,Sample,Engine,MatchedIons,MissCleaveNum,Rank,Proteins
,1,File1577 Spectrum5813 scans: 22018,GLMAKPDGSIIETPITANFR(4)-GLADTALKTANSGYLTR(7):0,3.43E-05,4047.134824,3.00379,741.466756,null,1.pFind,1.pFind,0,-1,1,RpoC(749)-RpoC(789)
,,,,,,,,,,,,,,
Order,ProteinAC,MW,pI,UniquePepNum,Coverage(%),SpecNum,Non-ModifiedSpecNum,ModifiedSpecNum,UniqueModifiedPepNum,Description,,,,
67,RpoC(749)-RpoC(781),0,0,1,0,2,2,0,0,null,,,,
,,,,,,,,,,,,,,
,Order,Spectrum,Sequence,Score,Calc_M,Delta_M,ppm,Modification,Sample,Engine,MatchedIons,MissCleaveNum,Rank,Proteins
,1,File1577 Spectrum4958 scans: 20685,GLMAKPDGSIIETPITANFR(4)-KGLADTALK(0):0,2.91E-07,3211.752394,0.0029,0.90265,null,1.pFind,1.pFind,0,-1,1,RpoC(749)-RpoC(781)
,,,,,,,,,,,,,,
,2,File1577 Spectrum5041 scans: 20817,GLMAKPDGSIIETPITANFR(4)-KGLADTALK(0):0,2.28E-04,3211.752394,0.00902,2.807547,null,1.pFind,1.pFind,0,-1,1,RpoC(749)-RpoC(781)
,,,,,,,,,,,,,,
Order,ProteinAC,MW,pI,UniquePepNum,Coverage(%),SpecNum,Non-ModifiedSpecNum,ModifiedSpecNum,UniqueModifiedPepNum,Description,,,,
68,RpoC(749)-RpoC(521),0,0,1,0,1,0,1,1,null,,,,
,,,,,,,,,,,,,,
,Order,Spectrum,Sequence,Score,Calc_M,Delta_M,ppm,Modification,Sample,Engine,MatchedIons,MissCleaveNum,Rank,Proteins
,1,File1577 Spectrum5538 scans: 21570,GLMAKPDGSIIETPITANFR(4)-DCVNAKGEGMVLTGPK(5):0,1.30E-10,3971.020374,3.01764,759.146067,"21,((Carbamidomethyl_C);",1.pFind,1.pFind,0,-1,1,RpoC(749)-RpoC(521)
,,,,,,,,,,,,,,
Order,ProteinAC,MW,pI,UniquePepNum,Coverage(%),SpecNum,Non-ModifiedSpecNum,ModifiedSpecNum,UniqueModifiedPepNum,Description,,,,
69,RpoC(749)-RpoC(1132),0,0,1,0,1,1,0,0,null,,,,
,,,,,,,,,,,,,,
,Order,Spectrum,Sequence,Score,Calc_M,Delta_M,ppm,Modification,Sample,Engine,MatchedIons,MissCleaveNum,Rank,Proteins
,1,File1577 Spectrum5063 scans: 20848,GLMAKPDGSIIETPITANFR(4)-IPQESGGTKDITGGLPR(8):0,4.22E-07,4021.119164,2.01553,500.859566,null,1.pFind,1.pFind,0,-1,1,RpoC(749)-RpoC(1132)
,,,,,,,,,,,,,,
Order,ProteinAC,MW,pI,UniquePepNum,Coverage(%),SpecNum,Non-ModifiedSpecNum,ModifiedSpecNum,UniqueModifiedPepNum,Description,,,,
70,RpoC(749)-RpoB(639),0,0,1,0,2,2,0,0,null,,,,
,,,,,,,,,,,,,,
,Order,Spectrum,Sequence,Score,Calc_M,Delta_M,ppm,Modification,Sample,Engine,MatchedIons,MissCleaveNum,Rank,Proteins
,1,File1577 Spectrum5026 scans: 20790,GLMAKPDGSIIETPITANFR(4)-SKGESSLFSR(1):0,9.36E-07,3392.764764,4.01937,1182.936065,null,1.pFind,1.pFind,0,-1,1,RpoC(749)-RpoB(639)
,,,,,,,,,,,,,,
,2,File1577 Spectrum5088 scans: 20882,GLMAKPDGSIIETPITANFR(4)-SKGESSLFSR(1):0,1.80E-06,3392.764764,1.00741,296.75271,null,1.pFind,1.pFind,0,-1,1,RpoC(749)-RpoB(639)
,,,,,,,,,,,,,,
Order,ProteinAC,MW,pI,UniquePepNum,Coverage(%),SpecNum,Non-ModifiedSpecNum,ModifiedSpecNum,UniqueModifiedPepNum,Description,,,,
71,RpoC(749)-RpoB(163),0,0,1,0,1,1,0,0,null,,,,
,,,,,,,,,,,,,,
,Order,Spectrum,Sequence,Score,Calc_M,Delta_M,ppm,Modification,Sample,Engine,MatchedIons,MissCleaveNum,Rank,Proteins
,1,File1577 Spectrum2721 scans: 16634,GLMAKPDGSIIETPITANFR(4)-GKTHSSGK(1):0,2.34E-06,3096.627544,1.00637,324.777842,null,1.pFind,1.pFind,0,-1,1,RpoC(749)-RpoB(163)
,,,,,,,,,,,,,,
Order,ProteinAC,MW,pI,UniquePepNum,Coverage(%),SpecNum,Non-ModifiedSpecNum,ModifiedSpecNum,UniqueModifiedPepNum,Description,,,,
72,RpoC(681)-RpoC(781),0,0,1,0,1,1,0,0,null,,,,
,,,,,,,,,,,,,,
,Order,Spectrum,Sequence,Score,Calc_M,Delta_M,ppm,Modification,Sample,Engine,MatchedIons,MissCleaveNum,Rank,Proteins
,1,File1577 Spectrum4894 scans: 20601,YNKVIDIWAAANDR(2)-KGLADTALK(0):0,5.97E-07,2729.474984,2.00811,734.901035,null,1.pFind,1.pFind,0,-1,1,RpoC(681)-RpoC(781)
,,,,,,,,,,,,,,
Order,ProteinAC,MW,pI,UniquePepNum,Coverage(%),SpecNum,Non-ModifiedSpecNum,ModifiedSpecNum,UniqueModifiedPepNum,Description,,,,
73,RpoC(66)-RpoC(96),0,0,1,0,1,0,1,1,null,,,,
,,,,,,,,,,,,,,
,Order,Spectrum,Sequence,Score,Calc_M,Delta_M,ppm,Modification,Sample,Engine,MatchedIons,MissCleaveNum,Rank,Proteins
,1,File1577 Spectrum2846 scans: 16890,IFGPVKDYECLCGK(5)-CGVEVTQTKVR(8):0,8.89E-05,3126.554964,2.00041,639.19794,"9,E(Carbamidomethyl_C);11,L(Carbamidomethyl_C);14,K(Carbamidomethyl_C);",1.pFind,1.pFind,0,-1,1,RpoC(66)-RpoC(96)
,,,,,,,,,,,,,,
Order,ProteinAC,MW,pI,UniquePepNum,Coverage(%),SpecNum,Non-ModifiedSpecNum,ModifiedSpecNum,UniqueModifiedPepNum,Description,,,,
74,RpoB(169)-RpoB(161),0,0,1,0,1,1,0,0,null,,,,
,,,,,,,,,,,,,,
,Order,Spectrum,Sequence,Score,Calc_M,Delta_M,ppm,Modification,Sample,Engine,MatchedIons,MissCleaveNum,Rank,Proteins
,1,File1577 Spectrum1801 scans: 14926,THSSGKVLYNAR(5)-SPGVFFDSDKGK(9):0,2.89E-07,2780.413124,-0.00179,-0.643556,null,1.pFind,1.pFind,0,-1,1,RpoB(169)-RpoB(161)
,,,,,,,,,,,,,,
Order,ProteinAC,MW,pI,UniquePepNum,Coverage(%),SpecNum,Non-ModifiedSpecNum,ModifiedSpecNum,UniqueModifiedPepNum,Description,,,,
75,RpoB(1262)-RpoB(900),0,0,1,0,1,1,0,0,null,,,,
,,,,,,,,,,,,,,
,Order,Spectrum,Sequence,Score,Calc_M,Delta_M,ppm,Modification,Sample,Engine,MatchedIons,MissCleaveNum,Rank,Proteins
,1,File1577 Spectrum3782 scans: 18690,STGSYSLVTQQPLGGKAQFGGQR(15)-GETQLTPEEKLLR(9):0,2.73E-04,4045.111794,2.00754,495.918284,null,1.pFind,1.pFind,0,-1,1,RpoB(1262)-RpoB(900)
,,,,,,,,,,,,,,
Order,ProteinAC,MW,pI,UniquePepNum,Coverage(%),SpecNum,Non-ModifiedSpecNum,ModifiedSpecNum,UniqueModifiedPepNum,Description,,,,
76,RpoB(1262)-RpoB(914),0,0,1,0,2,2,0,0,null,,,,
,,,,,,,,,,,,,,
,Order,Spectrum,Sequence,Score,Calc_M,Delta_M,ppm,Modification,Sample,Engine,MatchedIons,MissCleaveNum,Rank,Proteins
,1,File1577 Spectrum2659 scans: 16520,STGSYSLVTQQPLGGKAQFGGQR(15)-ASDVKDSSLR(4):0,2.52E-06,3608.843234,2.00266,554.46883,null,1.pFind,1.pFind,0,-1,1,RpoB(1262)-RpoB(914)
,,,,,,,,,,,,,,
,2,File1577 Spectrum2662 scans: 16525,STGSYSLVTQQPLGGKAQFGGQR(15)-ASDVKDSSLR(4):0,1.75E-05,3608.843234,4.01802,1111.833473,null,1.pFind,1.pFind,0,-1,1,RpoB(1262)-RpoB(914)
,,,,,,,,,,,,,,
Order,ProteinAC,MW,pI,UniquePepNum,Coverage(%),SpecNum,Non-ModifiedSpecNum,ModifiedSpecNum,UniqueModifiedPepNum,Description,,,,
77,RpoB(1262)-RpoC(371),0,0,1,0,1,1,0,0,null,,,,
,,,,,,,,,,,,,,
,Order,Spectrum,Sequence,Score,Calc_M,Delta_M,ppm,Modification,Sample,Engine,MatchedIons,MissCleaveNum,Rank,Proteins
,1,File1577 Spectrum5696 scans: 21830,STGSYSLVTQQPLGGKAQFGGQR(15)-KMALELFKPFIYGK(0):0,8.96E-04,4216.239234,0.99763,236.503618,null,1.pFind,1.pFind,0,-1,1,RpoB(1262)-RpoC(371)
,,,,,,,,,,,,,,
Order,ProteinAC,MW,pI,UniquePepNum,Coverage(%),SpecNum,Non-ModifiedSpecNum,ModifiedSpecNum,UniqueModifiedPepNum,Description,,,,
78,RpoB(1328)-RpoC(13),0,0,1,0,3,3,0,0,null,,,,
,,,,,,,,,,,,,,
,Order,Spectrum,Sequence,Score,Calc_M,Delta_M,ppm,Modification,Sample,Engine,MatchedIons,MissCleaveNum,Rank,Proteins
,1,File1577 Spectrum5305 scans: 21209,NIVDGNHQMEPGMPESFNVLLKEIR(21)-AQTKTEEFDAIK(3):0,8.10E-09,4412.202984,3.00873,681.290943,null,1.pFind,1.pFind,0,-1,1,RpoB(1328)-RpoC(13)
,,,,,,,,,,,,,,
,2,File1577 Spectrum5387 scans: 21332,NIVDGNHQMEPGMPESFNVLLKEIR(21)-AQTKTEEFDAIK(3):0,3.23E-08,4412.202984,0.01983,4.493308,null,1.pFind,1.pFind,0,-1,1,RpoB(1328)-RpoC(13)
,,,,,,,,,,,,,,
,3,File1577 Spectrum5470 scans: 21456,NIVDGNHQMEPGMPESFNVLLKEIR(21)-AQTKTEEFDAIK(3):0,1.30E-07,4412.202984,3.00693,680.883632,null,1.pFind,1.pFind,0,-1,1,RpoB(1328)-RpoC(13)
,,,,,,,,,,,,,,
Order,ProteinAC,MW,pI,UniquePepNum,Coverage(%),SpecNum,Non-ModifiedSpecNum,ModifiedSpecNum,UniqueModifiedPepNum,Description,,,,
79,RpoB(1328)-RpoC(96),0,0,1,0,2,0,2,1,null,,,,
,,,,,,,,,,,,,,
,Order,Spectrum,Sequence,Score,Calc_M,Delta_M,ppm,Modification,Sample,Engine,MatchedIons,MissCleaveNum,Rank,Proteins
,1,File1577 Spectrum4753 scans: 20408,NIVDGNHQMEPGMPESFNVLLKEIR(21)-CGVEVTQTKVR(8):0,9.80E-06,4308.170244,1.00207,232.489152,"25,R(Carbamidomethyl_C);",1.pFind,1.pFind,0,-1,1,RpoB(1328)-RpoC(96)
,,,,,,,,,,,,,,
,2,File1577 Spectrum4741 scans: 20389,NIVDGNHQMEPGMPESFNVLLKEIR(21)-CGVEVTQTKVR(8):0,1.44E-04,4308.170244,2.02227,469.073599,"25,R(Carbamidomethyl_C);",1.pFind,1.pFind,0,-1,1,RpoB(1328)-RpoC(96)
,,,,,,,,,,,,,,
Order,ProteinAC,MW,pI,UniquePepNum,Coverage(%),SpecNum,Non-ModifiedSpecNum,ModifiedSpecNum,UniqueModifiedPepNum,Description,,,,
80,RpoB(161)-RpoC(1132),0,0,1,0,5,5,0,0,null,,,,
,,,,,,,,,,,,,,
,Order,Spectrum,Sequence,Score,Calc_M,Delta_M,ppm,Modification,Sample,Engine,MatchedIons,MissCleaveNum,Rank,Proteins
,1,File1577 Spectrum1682 scans: 14683,SPGVFFDSDKGKTHSSGK(9)-IPQESGGTKDITGGLPR(8):0,3.52E-11,3770.911284,-0.01232,-3.266253,null,1.pFind,1.pFind,0,-1,1,RpoB(161)-RpoC(1132)
,,,,,,,,,,,,,,
,2,File1577 Spectrum1667 scans: 14655,SPGVFFDSDKGKTHSSGK(9)-IPQESGGTKDITGGLPR(8):0,7.85E-11,3770.911284,0.99048,262.524219,null,1.pFind,1.pFind,0,-1,1,RpoB(161)-RpoC(1132)
,,,,,,,,,,,,,,
,3,File1577 Spectrum1736 scans: 14809,SPGVFFDSDKGKTHSSGK(9)-IPQESGGTKDITGGLPR(8):0,3.49E-10,3770.911284,1.00178,265.51846,null,1.pFind,1.pFind,0,-1,1,RpoB(161)-RpoC(1132)
,,,,,,,,,,,,,,
,4,File1577 Spectrum1694 scans: 14726,SPGVFFDSDKGKTHSSGK(9)-IPQESGGTKDITGGLPR(8):0,8.53E-08,3770.911284,0.99024,262.460625,null,1.pFind,1.pFind,0,-1,1,RpoB(161)-RpoC(1132)
,,,,,,,,,,,,,,
,5,File1577 Spectrum1679 scans: 14679,SPGVFFDSDKGKTHSSGK(9)-IPQESGGTKDITGGLPR(8):0,8.95E-06,3770.911284,1.99914,529.725383,null,1.pFind,1.pFind,0,-1,1,RpoB(161)-RpoC(1132)
,,,,,,,,,,,,,,
Order,ProteinAC,MW,pI,UniquePepNum,Coverage(%),SpecNum,Non-ModifiedSpecNum,ModifiedSpecNum,UniqueModifiedPepNum,Description,,,,
81,RpoB(163)-RpoC(781),0,0,1,0,1,1,0,0,null,,,,
,,,,,,,,,,,,,,
,Order,Spectrum,Sequence,Score,Calc_M,Delta_M,ppm,Modification,Sample,Engine,MatchedIons,MissCleaveNum,Rank,Proteins
,1,File1577 Spectrum1426 scans: 14061,SPGVFFDSDKGKTHSSGK(11)-KGLADTALK(0):0,2.02E-09,2961.544514,-0.00953,-3.216832,null,1.pFind,1.pFind,0,-1,1,RpoB(163)-RpoC(781)
,,,,,,,,,,,,,,
Order,ProteinAC,MW,pI,UniquePepNum,Coverage(%),SpecNum,Non-ModifiedSpecNum,ModifiedSpecNum,UniqueModifiedPepNum,Description,,,,
82,RpoB(163)-RpoC(789),0,0,1,0,2,2,0,0,null,,,,
,,,,,,,,,,,,,,
,Order,Spectrum,Sequence,Score,Calc_M,Delta_M,ppm,Modification,Sample,Engine,MatchedIons,MissCleaveNum,Rank,Proteins
,1,File1577 Spectrum2667 scans: 16532,SPGVFFDSDKGKTHSSGK(11)-GLADTALKTANSGYLTR(7):0,9.03E-08,3796.926944,4.00532,1053.49387,null,1.pFind,1.pFind,0,-1,1,RpoB(163)-RpoC(789)
,,,,,,,,,,,,,,
,2,File1577 Spectrum2661 scans: 16524,SPGVFFDSDKGKTHSSGK(11)-GLADTALKTANSGYLTR(7):0,8.56E-06,3796.926944,2.00644,528.018772,null,1.pFind,1.pFind,0,-1,1,RpoB(163)-RpoC(789)
,,,,,,,,,,,,,,
Order,ProteinAC,MW,pI,UniquePepNum,Coverage(%),SpecNum,Non-ModifiedSpecNum,ModifiedSpecNum,UniqueModifiedPepNum,Description,,,,
83,RpoB(1262)-RpoB(890),0,0,1,0,2,2,0,0,null,,,,
,,,,,,,,,,,,,,
,Order,Spectrum,Sequence,Score,Calc_M,Delta_M,ppm,Modification,Sample,Engine,MatchedIons,MissCleaveNum,Rank,Proteins
,1,File1577 Spectrum2561 scans: 16325,STGSYSLVTQQPLGGKAQFGGQR(15)-VTPKGETQLTPEEK(3):0,4.88E-07,4088.106374,1.00464,245.626148,null,1.pFind,1.pFind,0,-1,1,RpoB(1262)-RpoB(890)
,,,,,,,,,,,,,,
,2,File1577 Spectrum2554 scans: 16314,STGSYSLVTQQPLGGKAQFGGQR(15)-VTPKGETQLTPEEK(3):0,1.04E-05,4088.106374,4.01344,980.531489,null,1.pFind,1.pFind,0,-1,1,RpoB(1262)-RpoB(890)
,,,,,,,,,,,,,,
Order,ProteinAC,MW,pI,UniquePepNum,Coverage(%),SpecNum,Non-ModifiedSpecNum,ModifiedSpecNum,UniqueModifiedPepNum,Description,,,,
84,RpoB(169)-RpoB(203),0,0,1,0,2,2,0,0,null,,,,
,,,,,,,,,,,,,,
,Order,Spectrum,Sequence,Score,Calc_M,Delta_M,ppm,Modification,Sample,Engine,MatchedIons,MissCleaveNum,Rank,Proteins
,1,File1577 Spectrum2066 scans: 15384,THSSGKVLYNAR(5)-KLPATIILR(0):0,2.15E-12,2521.474214,-0.0032,-1.268594,null,1.pFind,1.pFind,0,-1,1,RpoB(169)-RpoB(203)
,,,,,,,,,,,,,,
,2,File1577 Spectrum2081 scans: 15411,THSSGKVLYNAR(5)-KLPATIILR(0):0,1.79E-09,2521.474214,-0.0032,-1.268594,null,1.pFind,1.pFind,0,-1,1,RpoB(169)-RpoB(203)
,,,,,,,,,,,,,,
Order,ProteinAC,MW,pI,UniquePepNum,Coverage(%),SpecNum,Non-ModifiedSpecNum,ModifiedSpecNum,UniqueModifiedPepNum,Description,,,,
85,RpoB(236)-RpoB(203),0,0,1,0,1,1,0,0,null,,,,
,,,,,,,,,,,,,,
,Order,Spectrum,Sequence,Score,Calc_M,Delta_M,ppm,Modification,Sample,Engine,MatchedIons,MissCleaveNum,Rank,Proteins
,1,File1577 Spectrum4823 scans: 20495,DNKLQMELVPER(2)-KLPATIILR(0):0,2.67E-08,2660.529674,0.00274,1.029479,null,1.pFind,1.pFind,0,-1,1,RpoB(236)-RpoB(203)
,,,,,,,,,,,,,,
Order,ProteinAC,MW,pI,UniquePepNum,Coverage(%),SpecNum,Non-ModifiedSpecNum,ModifiedSpecNum,UniqueModifiedPepNum,Description,,,,
86,RpoB(236)-RpoB(331),0,0,1,0,1,1,0,0,null,,,,
,,,,,,,,,,,,,,
,Order,Spectrum,Sequence,Score,Calc_M,Delta_M,ppm,Modification,Sample,Engine,MatchedIons,MissCleaveNum,Rank,Proteins
,1,File1577 Spectrum1418 scans: 14020,DNKLQMELVPER(2)-LSQSGHKR(6):0,5.77E-05,2548.342954,3.01061,1179.539332,null,1.pFind,1.pFind,0,-1,1,RpoB(236)-RpoB(331)
,,,,,,,,,,,,,,
Order,ProteinAC,MW,pI,UniquePepNum,Coverage(%),SpecNum,Non-ModifiedSpecNum,ModifiedSpecNum,UniqueModifiedPepNum,Description,,,,
87,RpoB(283)-RpoB(236),0,0,1,0,1,1,0,0,null,,,,
,,,,,,,,,,,,,,
,Order,Spectrum,Sequence,Score,Calc_M,Delta_M,ppm,Modification,Sample,Engine,MatchedIons,MissCleaveNum,Rank,Proteins
,1,File1577 Spectrum6185 scans: 22613,QLEKDDVKLIEVPVEYIAGK(7)-DNKLQMELVPER(2):0,5.68E-12,3922.101054,1.00161,255.245142,null,1.pFind,1.pFind,0,-1,1,RpoB(283)-RpoB(236)
,,,,,,,,,,,,,,
Order,ProteinAC,MW,pI,UniquePepNum,Coverage(%),SpecNum,Non-ModifiedSpecNum,ModifiedSpecNum,UniqueModifiedPepNum,Description,,,,
88,RpoB(431)-RpoB(404),0,0,1,0,2,2,0,0,null,,,,
,,,,,,,,,,,,,,
,Order,Spectrum,Sequence,Score,Calc_M,Delta_M,ppm,Modification,Sample,Engine,MatchedIons,MissCleaveNum,Rank,Proteins
,1,File1577 Spectrum2152 scans: 15569,KLIDIR(0)-MKFNR(1):0,6.01E-05,1616.943424,0.00243,1.501898,null,1.pFind,1.pFind,0,-1,1,RpoB(431)-RpoB(404)
,,,,,,,,,,,,,,
,2,File1577 Spectrum2229 scans: 15696,KLIDIR(0)-MKFNR(1):0,2.30E-04,1616.943424,-0.00013,-0.080349,null,1.pFind,1.pFind,0,-1,1,RpoB(431)-RpoB(404)
,,,,,,,,,,,,,,
Order,ProteinAC,MW,pI,UniquePepNum,Coverage(%),SpecNum,Non-ModifiedSpecNum,ModifiedSpecNum,UniqueModifiedPepNum,Description,,,,
89,RpoB(496)-RpoB(161),0,0,1,0,1,1,0,0,null,,,,
,,,,,,,,,,,,,,
,Order,Spectrum,Sequence,Score,Calc_M,Delta_M,ppm,Modification,Sample,Engine,MatchedIons,MissCleaveNum,Rank,Proteins
,1,File1577 Spectrum5571 scans: 21627,LSLGDLDTLMPQDMINAKPISAAVK(17)-SPGVFFDSDKGKTHSSGK(9):0,3.88E-04,4686.392224,0.99874,213.023713,null,1.pFind,1.pFind,0,-1,1,RpoB(496)-RpoB(161)
,,,,,,,,,,,,,,
Order,ProteinAC,MW,pI,UniquePepNum,Coverage(%),SpecNum,Non-ModifiedSpecNum,ModifiedSpecNum,UniqueModifiedPepNum,Description,,,,
90,RpoB(639)-RpoB(431),0,0,1,0,1,1,0,0,null,,,,
,,,,,,,,,,,,,,
,Order,Spectrum,Sequence,Score,Calc_M,Delta_M,ppm,Modification,Sample,Engine,MatchedIons,MissCleaveNum,Rank,Proteins
,1,File1577 Spectrum2858 scans: 16907,SKGESSLFSR(1)-KLIDIR(0):0,2.46E-08,2019.136234,1.0019,495.709015,null,1.pFind,1.pFind,0,-1,1,RpoB(639)-RpoB(431)
,,,,,,,,,,,,,,
Order,ProteinAC,MW,pI,UniquePepNum,Coverage(%),SpecNum,Non-ModifiedSpecNum,ModifiedSpecNum,UniqueModifiedPepNum,Description,,,,
91,RpoB(1158)-RpoB(1178),0,0,1,0,2,2,0,0,null,,,,
,,,,,,,,,,,,,,
,Order,Spectrum,Sequence,Score,Calc_M,Delta_M,ppm,Modification,Sample,Engine,MatchedIons,MissCleaveNum,Rank,Proteins
,1,File1577 Spectrum4887 scans: 20591,QKVDLSTFSDEEVMR(1)-KGMPIATPVFDGAK(0):0,2.68E-16,3379.704134,2.00944,594.03069,null,1.pFind,1.pFind,0,-1,1,RpoB(1158)-RpoB(1178)
,,,,,,,,,,,,,,
,2,File1577 Spectrum4891 scans: 20596,QKVDLSTFSDEEVMR(1)-KGMPIATPVFDGAK(0):0,4.39E-16,3379.704134,4.00432,1183.059471,null,1.pFind,1.pFind,0,-1,1,RpoB(1158)-RpoB(1178)
,,,,,,,,,,,,,,
Order,ProteinAC,MW,pI,UniquePepNum,Coverage(%),SpecNum,Non-ModifiedSpecNum,ModifiedSpecNum,UniqueModifiedPepNum,Description,,,,
92,RpoA(25)-RpoB(1133),0,0,1,0,1,1,0,0,null,,,,
,,,,,,,,,,,,,,
,Order,Spectrum,Sequence,Score,Calc_M,Delta_M,ppm,Modification,Sample,Engine,MatchedIons,MissCleaveNum,Rank,Proteins
,1,File1577 Spectrum3293 scans: 17747,LVDIEQVSSTHAKVTLEPLER(12)-INAMLKQQQEVAK(5):0,5.52E-06,4029.181784,1.00123,248.370811,null,1.pFind,1.pFind,0,-1,1,RpoA(25)-RpoB(1133)
,,,,,,,,,,,,,,
Order,ProteinAC,MW,pI,UniquePepNum,Coverage(%),SpecNum,Non-ModifiedSpecNum,ModifiedSpecNum,UniqueModifiedPepNum,Description,,,,
93,RpoA(298)-RpoA(291),0,0,1,0,3,3,0,0,null,,,,
,,,,,,,,,,,,,,
,Order,Spectrum,Sequence,Score,Calc_M,Delta_M,ppm,Modification,Sample,Engine,MatchedIons,MissCleaveNum,Rank,Proteins
,1,File1577 Spectrum4295 scans: 19566,KSLTEIKDVLASR(0)-TEVELLKTPNLGK(6):0,4.83E-06,3065.758534,0.00508,1.656465,null,1.pFind,1.pFind,0,-1,1,RpoA(298)-RpoA(291)
,,,,,,,,,,,,,,
,2,File1577 Spectrum4339 scans: 19639,KSLTEIKDVLASR(0)-TEVELLKTPNLGK(6):0,1.83E-05,3065.758534,0.00453,1.477124,null,1.pFind,1.pFind,0,-1,1,RpoA(298)-RpoA(291)
,,,,,,,,,,,,,,
,3,File1577 Spectrum4269 scans: 19510,KSLTEIKDVLASR(0)-TEVELLKTPNLGK(6):0,1.97E-05,3065.758534,0.99858,325.507397,null,1.pFind,1.pFind,0,-1,1,RpoA(298)-RpoA(291)
,,,,,,,,,,,,,,
Order,ProteinAC,MW,pI,UniquePepNum,Coverage(%),SpecNum,Non-ModifiedSpecNum,ModifiedSpecNum,UniqueModifiedPepNum,Description,,,,
94,RpoA(298)-RpoB(914),0,0,1,0,1,1,0,0,null,,,,
,,,,,,,,,,,,,,
,Order,Spectrum,Sequence,Score,Calc_M,Delta_M,ppm,Modification,Sample,Engine,MatchedIons,MissCleaveNum,Rank,Proteins
,1,File1577 Spectrum2907 scans: 16977,KSLTEIKDVLASR(0)-ASDVKDSSLR(4):0,9.09E-04,2701.485954,-0.01384,-5.121223,null,1.pFind,1.pFind,0,-1,1,RpoA(298)-RpoB(914)
,,,,,,,,,,,,,,
Order,ProteinAC,MW,pI,UniquePepNum,Coverage(%),SpecNum,Non-ModifiedSpecNum,ModifiedSpecNum,UniqueModifiedPepNum,Description,,,,
95,RpoA(95)-RpoA(1),0,0,1,0,1,1,0,0,null,,,,
,,,,,,,,,,,,,,
,Order,Spectrum,Sequence,Score,Calc_M,Delta_M,ppm,Modification,Sample,Engine,MatchedIons,MissCleaveNum,Rank,Proteins
,1,File1577 Spectrum4994 scans: 20734,VQGKDEVILTLNK(3)-MQGSVTEFLKPR(0):0,6.95E-05,3013.651974,0.00104,0.344981,null,1.pFind,1.pFind,0,-1,1,RpoA(95)-RpoA(1)
,,,,,,,,,,,,,,
Order,ProteinAC,MW,pI,UniquePepNum,Coverage(%),SpecNum,Non-ModifiedSpecNum,ModifiedSpecNum,UniqueModifiedPepNum,Description,,,,
96,RpoB(1035)-RpoB(1051),0,0,1,0,1,1,0,0,null,,,,
,,,,,,,,,,,,,,
,Order,Spectrum,Sequence,Score,Calc_M,Delta_M,ppm,Modification,Sample,Engine,MatchedIons,MissCleaveNum,Rank,Proteins
,1,File1577 Spectrum3437 scans: 18029,KITQGDDLAPGVLK(0)-IVKVYLAVK(2):0,1.19E-05,2651.587484,0.00229,0.863305,null,1.pFind,1.pFind,0,-1,1,RpoB(1035)-RpoB(1051)
,,,,,,,,,,,,,,
Order,ProteinAC,MW,pI,UniquePepNum,Coverage(%),SpecNum,Non-ModifiedSpecNum,ModifiedSpecNum,UniqueModifiedPepNum,Description,,,,
97,RpoB(1051)-RpoB(1073),0,0,1,0,1,1,0,0,null,,,,
,,,,,,,,,,,,,,
,Order,Spectrum,Sequence,Score,Calc_M,Delta_M,ppm,Modification,Sample,Engine,MatchedIons,MissCleaveNum,Rank,Proteins
,1,File1577 Spectrum1480 scans: 14200,IVKVYLAVK(2)-HGNKGVISK(3):0,1.81E-04,2136.303224,-0.00445,-2.08206,null,1.pFind,1.pFind,0,-1,1,RpoB(1051)-RpoB(1073)
,,,,,,,,,,,,,,
Order,ProteinAC,MW,pI,UniquePepNum,Coverage(%),SpecNum,Non-ModifiedSpecNum,ModifiedSpecNum,UniqueModifiedPepNum,Description,,,,
98,RpoB(1065)-RpoB(1057),0,0,1,0,1,1,0,0,null,,,,
,,,,,,,,,,,,,,
,Order,Spectrum,Sequence,Score,Calc_M,Delta_M,ppm,Modification,Sample,Engine,MatchedIons,MissCleaveNum,Rank,Proteins
,1,File1577 Spectrum1702 scans: 14744,IQPGDKMAGR(5)-VYLAVKR(5):0,8.12E-04,2085.176654,0.00104,0.498518,null,1.pFind,1.pFind,0,-1,1,RpoB(1065)-RpoB(1057)
,,,,,,,,,,,,,,
Order,ProteinAC,MW,pI,UniquePepNum,Coverage(%),SpecNum,Non-ModifiedSpecNum,ModifiedSpecNum,UniqueModifiedPepNum,Description,,,,
99,RpoB(1065)-RpoC(781),0,0,1,0,1,1,0,0,null,,,,
,,,,,,,,,,,,,,
,Order,Spectrum,Sequence,Score,Calc_M,Delta_M,ppm,Modification,Sample,Engine,MatchedIons,MissCleaveNum,Rank,Proteins
,1,File1577 Spectrum1705 scans: 14752,IQPGDKMAGR(5)-KGLADTALK(0):0,6.93E-04,2153.187604,-0.00015,-0.069632,null,1.pFind,1.pFind,0,-1,1,RpoB(1065)-RpoC(781)
,,,,,,,,,,,,,,
Order,ProteinAC,MW,pI,UniquePepNum,Coverage(%),SpecNum,Non-ModifiedSpecNum,ModifiedSpecNum,UniqueModifiedPepNum,Description,,,,
100,RpoB(697)-RpoB(639),0,0,1,0,1,1,0,0,null,,,,
,,,,,,,,,,,,,,
,Order,Spectrum,Sequence,Score,Calc_M,Delta_M,ppm,Modification,Sample,Engine,MatchedIons,MissCleaveNum,Rank,Proteins
,1,File1577 Spectrum2496 scans: 16218,ADKPLVGTGMER(2)-SKGESSLFSR(1):0,1.79E-10,2535.300074,2.00186,788.658841,null,1.pFind,1.pFind,0,-1,1,RpoB(697)-RpoB(639)
,,,,,,,,,,,,,,
Order,ProteinAC,MW,pI,UniquePepNum,Coverage(%),SpecNum,Non-ModifiedSpecNum,ModifiedSpecNum,UniqueModifiedPepNum,Description,,,,
101,RpoB(1191)-RpoB(1158),0,0,1,0,1,1,0,0,null,,,,
,,,,,,,,,,,,,,
,Order,Spectrum,Sequence,Score,Calc_M,Delta_M,ppm,Modification,Sample,Engine,MatchedIons,MissCleaveNum,Rank,Proteins
,1,File1577 Spectrum5407 scans: 21358,GMPIATPVFDGAKEAEIK(12)-QKVDLSTFSDEEVMR(1):0,3.82E-06,3821.910484,0.99033,258.983735,null,1.pFind,1.pFind,0,-1,1,RpoB(1191)-RpoB(1158)
,,,,,,,,,,,,,,
Order,ProteinAC,MW,pI,UniquePepNum,Coverage(%),SpecNum,Non-ModifiedSpecNum,ModifiedSpecNum,UniqueModifiedPepNum,Description,,,,
102,RpoB(1200)-RpoB(1127),0,0,1,0,1,1,0,0,null,,,,
,,,,,,,,,,,,,,
,Order,Spectrum,Sequence,Score,Calc_M,Delta_M,ppm,Modification,Sample,Engine,MatchedIons,MissCleaveNum,Rank,Proteins
,1,File1577 Spectrum7044 scans: 23993,ELLKLGDLPTSGQIR(3)-GIGDKINAMLK(4):0,5.08E-05,2963.672694,0.00716,2.415095,null,1.pFind,1.pFind,0,-1,1,RpoB(1200)-RpoB(1127)
,,,,,,,,,,,,,,
Order,ProteinAC,MW,pI,UniquePepNum,Coverage(%),SpecNum,Non-ModifiedSpecNum,ModifiedSpecNum,UniqueModifiedPepNum,Description,,,,
103,RpoB(1242)-RpoB(1065),0,0,1,0,1,1,0,0,null,,,,
,,,,,,,,,,,,,,
,Order,Spectrum,Sequence,Score,Calc_M,Delta_M,ppm,Modification,Sample,Engine,MatchedIons,MissCleaveNum,Rank,Proteins
,1,File1577 Spectrum1447 scans: 14120,LNHLVDDKMHAR(7)-IQPGDKMAGR(5):0,8.01E-04,2685.384094,0.00767,2.855123,null,1.pFind,1.pFind,0,-1,1,RpoB(1242)-RpoB(1065)
,,,,,,,,,,,,,,
Order,ProteinAC,MW,pI,UniquePepNum,Coverage(%),SpecNum,Non-ModifiedSpecNum,ModifiedSpecNum,UniqueModifiedPepNum,Description,,,,
104,RpoB(1242)-RpoC(781),0,0,1,0,1,1,0,0,null,,,,
,,,,,,,,,,,,,,
,Order,Spectrum,Sequence,Score,Calc_M,Delta_M,ppm,Modification,Sample,Engine,MatchedIons,MissCleaveNum,Rank,Proteins
,1,File1577 Spectrum1800 scans: 14925,LNHLVDDKMHAR(7)-KGLADTALK(0):0,1.32E-04,2529.373504,0.99751,394.058053,null,1.pFind,1.pFind,0,-1,1,RpoB(1242)-RpoC(781)
,,,,,,,,,,,,,,
Order,ProteinAC,MW,pI,UniquePepNum,Coverage(%),SpecNum,Non-ModifiedSpecNum,ModifiedSpecNum,UniqueModifiedPepNum,Description,,,,
105,RpoB(1262)-RpoB(1051),0,0,1,0,1,1,0,0,null,,,,
,,,,,,,,,,,,,,
,Order,Spectrum,Sequence,Score,Calc_M,Delta_M,ppm,Modification,Sample,Engine,MatchedIons,MissCleaveNum,Rank,Proteins
,1,File1577 Spectrum3745 scans: 18598,STGSYSLVTQQPLGGKAQFGGQR(15)-IVKVYLAVK(2):0,2.64E-07,3563.971324,0.00139,0.389904,null,1.pFind,1.pFind,0,-1,1,RpoB(1262)-RpoB(1051)
,,,,,,,,,,,,,,
Order,ProteinAC,MW,pI,UniquePepNum,Coverage(%),SpecNum,Non-ModifiedSpecNum,ModifiedSpecNum,UniqueModifiedPepNum,Description,,,,
106,RpoB(1262)-RpoB(1065),0,0,1,0,1,1,0,0,null,,,,
,,,,,,,,,,,,,,
,Order,Spectrum,Sequence,Score,Calc_M,Delta_M,ppm,Modification,Sample,Engine,MatchedIons,MissCleaveNum,Rank,Proteins
,1,File1577 Spectrum2756 scans: 16685,STGSYSLVTQQPLGGKAQFGGQR(15)-IQPGDKMAGR(5):0,8.64E-04,3603.846544,0.00423,1.173417,null,1.pFind,1.pFind,0,-1,1,RpoB(1262)-RpoB(1065)
,,,,,,,,,,,,,,
Order,ProteinAC,MW,pI,UniquePepNum,Coverage(%),SpecNum,Non-ModifiedSpecNum,ModifiedSpecNum,UniqueModifiedPepNum,Description,,,,
107,RpoB(1262)-RpoB(1242),0,0,1,0,6,6,0,0,null,,,,
,,,,,,,,,,,,,,
,Order,Spectrum,Sequence,Score,Calc_M,Delta_M,ppm,Modification,Sample,Engine,MatchedIons,MissCleaveNum,Rank,Proteins
,1,File1577 Spectrum2645 scans: 16500,STGSYSLVTQQPLGGKAQFGGQR(15)-LNHLVDDKMHAR(7):0,8.69E-08,3980.032444,1.99997,502.121534,null,1.pFind,1.pFind,0,-1,1,RpoB(1262)-RpoB(1242)
,,,,,,,,,,,,,,
,2,File1577 Spectrum2692 scans: 16586,STGSYSLVTQQPLGGKAQFGGQR(15)-LNHLVDDKMHAR(7):0,4.33E-07,3980.032444,2.01302,505.39627,null,1.pFind,1.pFind,0,-1,1,RpoB(1262)-RpoB(1242)
,,,,,,,,,,,,,,
,3,File1577 Spectrum2627 scans: 16462,STGSYSLVTQQPLGGKAQFGGQR(15)-LNHLVDDKMHAR(7):0,1.08E-06,3980.032444,-0.00226,-0.567691,null,1.pFind,1.pFind,0,-1,1,RpoB(1262)-RpoB(1242)
,,,,,,,,,,,,,,
,4,File1577 Spectrum2716 scans: 16627,STGSYSLVTQQPLGGKAQFGGQR(15)-LNHLVDDKMHAR(7):0,2.34E-06,3980.032444,3.00277,753.699291,null,1.pFind,1.pFind,0,-1,1,RpoB(1262)-RpoB(1242)
,,,,,,,,,,,,,,
,5,File1577 Spectrum2586 scans: 16368,STGSYSLVTQQPLGGKAQFGGQR(15)-LNHLVDDKMHAR(7):0,4.19E-06,3980.032444,3.01424,756.576098,null,1.pFind,1.pFind,0,-1,1,RpoB(1262)-RpoB(1242)
,,,,,,,,,,,,,,
,6,File1577 Spectrum2587 scans: 16372,STGSYSLVTQQPLGGKAQFGGQR(15)-LNHLVDDKMHAR(7):0,6.27E-06,3980.032444,3.01058,755.65813,null,1.pFind,1.pFind,0,-1,1,RpoB(1262)-RpoB(1242)
,,,,,,,,,,,,,,
Order,ProteinAC,MW,pI,UniquePepNum,Coverage(%),SpecNum,Non-ModifiedSpecNum,ModifiedSpecNum,UniqueModifiedPepNum,Description,,,,
108,RpoB(909)-RpoB(941),0,0,1,0,1,1,0,0,null,,,,
,,,,,,,,,,,,,,
,Order,Spectrum,Sequence,Score,Calc_M,Delta_M,ppm,Modification,Sample,Engine,MatchedIons,MissCleaveNum,Rank,Proteins
,1,File1577 Spectrum1124 scans: 13195,AIFGEKASDVK(5)-DGVEKDKR(4):0,2.28E-04,2275.205744,0.99337,436.223086,null,1.pFind,1.pFind,0,-1,1,RpoB(909)-RpoB(941)
,,,,,,,,,,,,,,
Order,ProteinAC,MW,pI,UniquePepNum,Coverage(%),SpecNum,Non-ModifiedSpecNum,ModifiedSpecNum,UniqueModifiedPepNum,Description,,,,
109,RpoB(890)-RpoB(914),0,0,1,0,2,2,0,0,null,,,,
,,,,,,,,,,,,,,
,Order,Spectrum,Sequence,Score,Calc_M,Delta_M,ppm,Modification,Sample,Engine,MatchedIons,MissCleaveNum,Rank,Proteins
,1,File1577 Spectrum1176 scans: 13321,VTPKGETQLTPEEK(3)-ASDVKDSSLR(4):0,4.21E-07,2798.454714,0.99518,355.363407,null,1.pFind,1.pFind,0,-1,1,RpoB(890)-RpoB(914)
,,,,,,,,,,,,,,
,2,File1577 Spectrum1229 scans: 13446,VTPKGETQLTPEEK(3)-ASDVKDSSLR(4):0,6.72E-06,2798.454714,-0.00994,-3.550695,null,1.pFind,1.pFind,0,-1,1,RpoB(890)-RpoB(914)
,,,,,,,,,,,,,,
Order,ProteinAC,MW,pI,UniquePepNum,Coverage(%),SpecNum,Non-ModifiedSpecNum,ModifiedSpecNum,UniqueModifiedPepNum,Description,,,,
110,RpoB(890)-RpoC(96),0,0,1,0,1,0,1,1,null,,,,
,,,,,,,,,,,,,,
,Order,Spectrum,Sequence,Score,Calc_M,Delta_M,ppm,Modification,Sample,Engine,MatchedIons,MissCleaveNum,Rank,Proteins
,1,File1577 Spectrum1145 scans: 13251,VTPKGETQLTPEEK(3)-CGVEVTQTKVR(8):0,4.73E-05,2997.569024,2.00051,666.708479,"14,K(Carbamidomethyl_C);",1.pFind,1.pFind,0,-1,1,RpoB(890)-RpoC(96)
,,,,,,,,,,,,,,
Order,ProteinAC,MW,pI,UniquePepNum,Coverage(%),SpecNum,Non-ModifiedSpecNum,ModifiedSpecNum,UniqueModifiedPepNum,Description,,,,
111,RpoB(900)-RpoB(914),0,0,1,0,3,3,0,0,null,,,,
,,,,,,,,,,,,,,
,Order,Spectrum,Sequence,Score,Calc_M,Delta_M,ppm,Modification,Sample,Engine,MatchedIons,MissCleaveNum,Rank,Proteins
,1,File1577 Spectrum2643 scans: 16496,GETQLTPEEKLLR(9)-ASDVKDSSLR(4):0,2.70E-08,2755.460134,2.00928,728.402022,null,1.pFind,1.pFind,0,-1,1,RpoB(900)-RpoB(914)
,,,,,,,,,,,,,,
,2,File1577 Spectrum2640 scans: 16491,GETQLTPEEKLLR(9)-ASDVKDSSLR(4):0,6.97E-06,2755.460134,0.9944,360.621495,null,1.pFind,1.pFind,0,-1,1,RpoB(900)-RpoB(914)
,,,,,,,,,,,,,,
,3,File1577 Spectrum2722 scans: 16635,GETQLTPEEKLLR(9)-ASDVKDSSLR(4):0,7.92E-05,2755.460134,1.01416,367.78487,null,1.pFind,1.pFind,0,-1,1,RpoB(900)-RpoB(914)
,,,,,,,,,,,,,,
Order,ProteinAC,MW,pI,UniquePepNum,Coverage(%),SpecNum,Non-ModifiedSpecNum,ModifiedSpecNum,UniqueModifiedPepNum,Description,,,,
112,RpoB(900)-RpoB(941),0,0,1,0,2,2,0,0,null,,,,
,,,,,,,,,,,,,,
,Order,Spectrum,Sequence,Score,Calc_M,Delta_M,ppm,Modification,Sample,Engine,MatchedIons,MissCleaveNum,Rank,Proteins
,1,File1577 Spectrum1766 scans: 14868,GETQLTPEEKLLR(9)-DGVEKDKR(4):0,2.05E-06,2624.401884,2.00673,763.765648,null,1.pFind,1.pFind,0,-1,1,RpoB(900)-RpoB(941)
,,,,,,,,,,,,,,
,2,File1577 Spectrum1763 scans: 14865,GETQLTPEEKLLR(9)-DGVEKDKR(4):0,3.59E-04,2624.401884,1.00213,381.558671,null,1.pFind,1.pFind,0,-1,1,RpoB(900)-RpoB(941)
,,,,,,,,,,,,,,
Order,ProteinAC,MW,pI,UniquePepNum,Coverage(%),SpecNum,Non-ModifiedSpecNum,ModifiedSpecNum,UniqueModifiedPepNum,Description,,,,
113,RpoB(900)-RpoC(1297),0,0,1,0,1,1,0,0,null,,,,
,,,,,,,,,,,,,,
,Order,Spectrum,Sequence,Score,Calc_M,Delta_M,ppm,Modification,Sample,Engine,MatchedIons,MissCleaveNum,Rank,Proteins
,1,File1577 Spectrum2898 scans: 16963,GETQLTPEEKLLR(9)-ELEANGKVGATYSR(6):0,3.41E-04,3172.661344,0.99947,314.826612,null,1.pFind,1.pFind,0,-1,1,RpoB(900)-RpoC(1297)
,,,,,,,,,,,,,,
Order,ProteinAC,MW,pI,UniquePepNum,Coverage(%),SpecNum,Non-ModifiedSpecNum,ModifiedSpecNum,UniqueModifiedPepNum,Description,,,,
114,RpoB(900)-RpoC(13),0,0,1,0,2,2,0,0,null,,,,
,,,,,,,,,,,,,,
,Order,Spectrum,Sequence,Score,Calc_M,Delta_M,ppm,Modification,Sample,Engine,MatchedIons,MissCleaveNum,Rank,Proteins
,1,File1577 Spectrum3236 scans: 17619,GETQLTPEEKLLR(9)-AQTKTEEFDAIK(3):0,4.69E-05,3058.607184,-0.00469,-1.532875,null,1.pFind,1.pFind,0,-1,1,RpoB(900)-RpoC(13)
,,,,,,,,,,,,,,
,2,File1577 Spectrum3235 scans: 17618,GETQLTPEEKLLR(9)-AQTKTEEFDAIK(3):0,1.82E-04,3058.607184,2.00483,654.826682,null,1.pFind,1.pFind,0,-1,1,RpoB(900)-RpoC(13)
,,,,,,,,,,,,,,
Order,ProteinAC,MW,pI,UniquePepNum,Coverage(%),SpecNum,Non-ModifiedSpecNum,ModifiedSpecNum,UniqueModifiedPepNum,Description,,,,
115,RpoB(900)-RpoC(50),0,0,1,0,2,2,0,0,null,,,,
,,,,,,,,,,,,,,
,Order,Spectrum,Sequence,Score,Calc_M,Delta_M,ppm,Modification,Sample,Engine,MatchedIons,MissCleaveNum,Rank,Proteins
,1,File1577 Spectrum2467 scans: 16155,GETQLTPEEKLLR(9)-TFKPER(2):0,2.15E-07,2455.332024,0.00019,0.077351,null,1.pFind,1.pFind,0,-1,1,RpoB(900)-RpoC(50)
,,,,,,,,,,,,,,
,2,File1577 Spectrum2396 scans: 16028,GETQLTPEEKLLR(9)-TFKPER(2):0,8.42E-06,2455.332024,0.99263,403.946243,null,1.pFind,1.pFind,0,-1,1,RpoB(900)-RpoC(50)
,,,,,,,,,,,,,,
Order,ProteinAC,MW,pI,UniquePepNum,Coverage(%),SpecNum,Non-ModifiedSpecNum,ModifiedSpecNum,UniqueModifiedPepNum,Description,,,,
116,RpoB(909)-RpoB(890),0,0,1,0,1,1,0,0,null,,,,
,,,,,,,,,,,,,,
,Order,Spectrum,Sequence,Score,Calc_M,Delta_M,ppm,Modification,Sample,Engine,MatchedIons,MissCleaveNum,Rank,Proteins
,1,File1577 Spectrum1878 scans: 15050,AIFGEKASDVKDSSLR(5)-VTPKGETQLTPEEK(3):0,2.72E-09,3443.803304,2.00076,580.466931,null,1.pFind,1.pFind,0,-1,1,RpoB(909)-RpoB(890)
,,,,,,,,,,,,,,
Order,ProteinAC,MW,pI,UniquePepNum,Coverage(%),SpecNum,Non-ModifiedSpecNum,ModifiedSpecNum,UniqueModifiedPepNum,Description,,,,
117,RpoB(890)-RpoB(909),0,0,1,0,1,1,0,0,null,,,,
,,,,,,,,,,,,,,
,Order,Spectrum,Sequence,Score,Calc_M,Delta_M,ppm,Modification,Sample,Engine,MatchedIons,MissCleaveNum,Rank,Proteins
,1,File1577 Spectrum1841 scans: 14993,VTPKGETQLTPEEK(3)-AIFGEKASDVK(5):0,5.19E-04,2885.527134,-0.00156,-0.540441,null,1.pFind,1.pFind,0,-1,1,RpoB(890)-RpoB(909)
,,,,,,,,,,,,,,
Order,ProteinAC,MW,pI,UniquePepNum,Coverage(%),SpecNum,Non-ModifiedSpecNum,ModifiedSpecNum,UniqueModifiedPepNum,Description,,,,
118,RpoB(909)-RpoC(50),0,0,1,0,2,2,0,0,null,,,,
,,,,,,,,,,,,,,
,Order,Spectrum,Sequence,Score,Calc_M,Delta_M,ppm,Modification,Sample,Engine,MatchedIons,MissCleaveNum,Rank,Proteins
,1,File1577 Spectrum1700 scans: 14741,AIFGEKASDVK(5)-TFKPER(2):0,1.50E-04,2106.135884,-0.00119,-0.564746,null,1.pFind,1.pFind,0,-1,1,RpoB(909)-RpoC(50)
,,,,,,,,,,,,,,
,2,File1577 Spectrum1695 scans: 14729,AIFGEKASDVK(5)-TFKPER(2):0,1.61E-04,2106.135884,2.00273,949.545505,null,1.pFind,1.pFind,0,-1,1,RpoB(909)-RpoC(50)
,,,,,,,,,,,,,,
Order,ProteinAC,MW,pI,UniquePepNum,Coverage(%),SpecNum,Non-ModifiedSpecNum,ModifiedSpecNum,UniqueModifiedPepNum,Description,,,,
119,RpoB(914)-RpoB(890),0,0,1,0,3,3,0,0,null,,,,
,,,,,,,,,,,,,,
,Order,Spectrum,Sequence,Score,Calc_M,Delta_M,ppm,Modification,Sample,Engine,MatchedIons,MissCleaveNum,Rank,Proteins
,1,File1577 Spectrum4147 scans: 19338,ASDVKDSSLRVPNGVSGTVIDVQVFTR(4)-VTPKGETQLTPEEK(3):0,2.35E-11,4567.401864,1.0075,220.487664,null,1.pFind,1.pFind,0,-1,1,RpoB(914)-RpoB(890)
,,,,,,,,,,,,,,
,2,File1577 Spectrum3858 scans: 18835,ASDVKDSSLRVPNGVSGTVIDVQVFTR(4)-VTPKGETQLTPEEK(3):0,1.38E-06,4567.401864,3.0119,658.85421,null,1.pFind,1.pFind,0,-1,1,RpoB(914)-RpoB(890)
,,,,,,,,,,,,,,
,3,File1577 Spectrum4143 scans: 19332,ASDVKDSSLRVPNGVSGTVIDVQVFTR(4)-VTPKGETQLTPEEK(3):0,3.37E-05,4567.401864,1.99579,436.676844,null,1.pFind,1.pFind,0,-1,1,RpoB(914)-RpoB(890)
,,,,,,,,,,,,,,
Order,ProteinAC,MW,pI,UniquePepNum,Coverage(%),SpecNum,Non-ModifiedSpecNum,ModifiedSpecNum,UniqueModifiedPepNum,Description,,,,
120,RpoB(914)-RpoB(900),0,0,1,0,3,3,0,0,null,,,,
,,,,,,,,,,,,,,
,Order,Spectrum,Sequence,Score,Calc_M,Delta_M,ppm,Modification,Sample,Engine,MatchedIons,MissCleaveNum,Rank,Proteins
,1,File1577 Spectrum5363 scans: 21297,ASDVKDSSLRVPNGVSGTVIDVQVFTR(4)-GETQLTPEEKLLR(9):0,7.31E-05,4524.407284,1.97298,435.787743,null,1.pFind,1.pFind,0,-1,1,RpoB(914)-RpoB(900)
,,,,,,,,,,,,,,
,2,File1577 Spectrum5357 scans: 21288,ASDVKDSSLRVPNGVSGTVIDVQVFTR(4)-GETQLTPEEKLLR(9):0,2.24E-04,4524.407284,3.98863,880.60829,null,1.pFind,1.pFind,0,-1,1,RpoB(914)-RpoB(900)
,,,,,,,,,,,,,,
,3,File1577 Spectrum5010 scans: 20758,ASDVKDSSLRVPNGVSGTVIDVQVFTR(4)-GETQLTPEEKLLR(9):0,4.56E-04,4524.407284,2.00683,443.261147,null,1.pFind,1.pFind,0,-1,1,RpoB(914)-RpoB(900)
,,,,,,,,,,,,,,
Order,ProteinAC,MW,pI,UniquePepNum,Coverage(%),SpecNum,Non-ModifiedSpecNum,ModifiedSpecNum,UniqueModifiedPepNum,Description,,,,
121,RpoB(954)-RpoB(914),0,0,1,0,1,1,0,0,null,,,,
,,,,,,,,,,,,,,
,Order,Spectrum,Sequence,Score,Calc_M,Delta_M,ppm,Modification,Sample,Engine,MatchedIons,MissCleaveNum,Rank,Proteins
,1,File1577 Spectrum2820 scans: 16838,ALEIEEMQLKQAK(9)-ASDVKDSSLR(4):0,1.98E-04,2772.457694,0.00048,0.173069,null,1.pFind,1.pFind,0,-1,1,RpoB(954)-RpoB(914)
,,,,,,,,,,,,,,
Order,ProteinAC,MW,pI,UniquePepNum,Coverage(%),SpecNum,Non-ModifiedSpecNum,ModifiedSpecNum,UniqueModifiedPepNum,Description,,,,
122,RpoB(954)-RpoB(941),0,0,1,0,1,1,0,0,null,,,,
,,,,,,,,,,,,,,
,Order,Spectrum,Sequence,Score,Calc_M,Delta_M,ppm,Modification,Sample,Engine,MatchedIons,MissCleaveNum,Rank,Proteins
,1,File1577 Spectrum2005 scans: 15288,ALEIEEMQLKQAK(9)-DGVEKDKR(4):0,4.26E-04,2641.399444,-0.00333,-1.260216,null,1.pFind,1.pFind,0,-1,1,RpoB(954)-RpoB(941)
,,,,,,,,,,,,,,
Order,ProteinAC,MW,pI,UniquePepNum,Coverage(%),SpecNum,Non-ModifiedSpecNum,ModifiedSpecNum,UniqueModifiedPepNum,Description,,,,
123,RpoA(1)-RpoC(370),0,0,1,0,1,0,1,1,null,,,,
,,,,,,,,,,,,,,
,Order,Spectrum,Sequence,Score,Calc_M,Delta_M,ppm,Modification,Sample,Engine,MatchedIons,MissCleaveNum,Rank,Proteins
,1,File1577 Spectrum2285 scans: 15801,MQGSVTEFLKPR(0)-LHQCGLPKK(7):0,2.50E-08,2637.413264,1.0013,379.363384,"15,)(Carbamidomethyl_C);",1.pFind,1.pFind,0,-1,1,RpoA(1)-RpoC(370)
,,,,,,,,,,,,,,
Order,ProteinAC,MW,pI,UniquePepNum,Coverage(%),SpecNum,Non-ModifiedSpecNum,ModifiedSpecNum,UniqueModifiedPepNum,Description,,,,
124,RpoC(1132)-RpoB(163),0,0,1,0,1,1,0,0,null,,,,
,,,,,,,,,,,,,,
,Order,Spectrum,Sequence,Score,Calc_M,Delta_M,ppm,Modification,Sample,Engine,MatchedIons,MissCleaveNum,Rank,Proteins
,1,File1577 Spectrum675 scans: 11584,IPQESGGTKDITGGLPR(8)-GKTHSSGK(1):0,3.93E-04,2691.418934,1.01358,376.314334,null,1.pFind,1.pFind,0,-1,1,RpoC(1132)-RpoB(163)
,,,,,,,,,,,,,,
Order,ProteinAC,MW,pI,UniquePepNum,Coverage(%),SpecNum,Non-ModifiedSpecNum,ModifiedSpecNum,UniqueModifiedPepNum,Description,,,,
125,RpoC(1132)-RpoC(1072),0,0,1,0,2,2,0,0,null,,,,
,,,,,,,,,,,,,,
,Order,Spectrum,Sequence,Score,Calc_M,Delta_M,ppm,Modification,Sample,Engine,MatchedIons,MissCleaveNum,Rank,Proteins
,1,File1577 Spectrum1767 scans: 14872,IPQESGGTKDITGGLPR(8)-TAGGKDLRPALK(4):0,2.17E-06,3116.719114,1.00494,322.227179,null,1.pFind,1.pFind,0,-1,1,RpoC(1132)-RpoC(1072)
,,,,,,,,,,,,,,
,2,File1577 Spectrum1746 scans: 14828,IPQESGGTKDITGGLPR(8)-TAGGKDLRPALK(4):0,1.24E-04,3116.719114,0.9972,319.746195,null,1.pFind,1.pFind,0,-1,1,RpoC(1132)-RpoC(1072)
,,,,,,,,,,,,,,
Order,ProteinAC,MW,pI,UniquePepNum,Coverage(%),SpecNum,Non-ModifiedSpecNum,ModifiedSpecNum,UniqueModifiedPepNum,Description,,,,
126,RpoB(890)-RpoB(890),0,0,1,0,1,1,0,0,null,,,,
,,,,,,,,,,,,,,
,Order,Spectrum,Sequence,Score,Calc_M,Delta_M,ppm,Modification,Sample,Engine,MatchedIons,MissCleaveNum,Rank,Proteins
,1,File1577 Spectrum1233 scans: 13456,VTPKGETQLTPEEK(3)-VTPKGETQLTPEEK(3):0,3.17E-08,3277.717854,-0.00428,-1.305387,null,1.pFind,1.pFind,0,-1,1,RpoB(890)-RpoB(890)
,,,,,,,,,,,,,,
Order,ProteinAC,MW,pI,UniquePepNum,Coverage(%),SpecNum,Non-ModifiedSpecNum,ModifiedSpecNum,UniqueModifiedPepNum,Description,,,,
127,RpoB(844)-RpoC(87),0,0,1,0,1,0,1,1,null,,,,
,,,,,,,,,,,,,,
,Order,Spectrum,Sequence,Score,Calc_M,Delta_M,ppm,Modification,Sample,Engine,MatchedIons,MissCleaveNum,Rank,Proteins
,1,File1577 Spectrum4913 scans: 20628,DTKLGPEEITADIPNVGEAALSK(2)-GVICEKCGVEVTQTK(5):0,1.43E-09,4240.149184,3.00675,708.443538,"26,)(Carbamidomethyl_C);29,V(Carbamidomethyl_C);",1.pFind,1.pFind,0,-1,1,RpoB(844)-RpoC(87)
,,,,,,,,,,,,,,
Order,ProteinAC,MW,pI,UniquePepNum,Coverage(%),SpecNum,Non-ModifiedSpecNum,ModifiedSpecNum,UniqueModifiedPepNum,Description,,,,
128,RpoB(844)-RpoC(66),0,0,1,0,4,0,4,1,null,,,,
,,,,,,,,,,,,,,
,Order,Spectrum,Sequence,Score,Calc_M,Delta_M,ppm,Modification,Sample,Engine,MatchedIons,MissCleaveNum,Rank,Proteins
,1,File1577 Spectrum6260 scans: 22732,DTKLGPEEITADIPNVGEAALSK(2)-IFGPVKDYECLCGK(5):0,8.74E-10,4218.111334,0.99168,234.989119,"32,V(Carbamidomethyl_C);34,D(Carbamidomethyl_C);",1.pFind,1.pFind,0,-1,1,RpoB(844)-RpoC(66)
,,,,,,,,,,,,,,
,2,File1577 Spectrum6251 scans: 22719,DTKLGPEEITADIPNVGEAALSK(2)-IFGPVKDYECLCGK(5):0,1.73E-09,4218.111334,1.01044,239.433436,"32,V(Carbamidomethyl_C);34,D(Carbamidomethyl_C);",1.pFind,1.pFind,0,-1,1,RpoB(844)-RpoC(66)
,,,,,,,,,,,,,,
,3,File1577 Spectrum6246 scans: 22710,DTKLGPEEITADIPNVGEAALSK(2)-IFGPVKDYECLCGK(5):0,1.54E-06,4218.111334,4.01336,950.327868,"32,V(Carbamidomethyl_C);34,D(Carbamidomethyl_C);",1.pFind,1.pFind,0,-1,1,RpoB(844)-RpoC(66)
,,,,,,,,,,,,,,
,4,File1577 Spectrum6334 scans: 22842,DTKLGPEEITADIPNVGEAALSK(2)-IFGPVKDYECLCGK(5):0,2.65E-04,4218.111334,0.9826,232.838018,"32,V(Carbamidomethyl_C);34,D(Carbamidomethyl_C);",1.pFind,1.pFind,0,-1,1,RpoB(844)-RpoC(66)
,,,,,,,,,,,,,,
Order,ProteinAC,MW,pI,UniquePepNum,Coverage(%),SpecNum,Non-ModifiedSpecNum,ModifiedSpecNum,UniqueModifiedPepNum,Description,,,,
129,RpoB(844)-RpoC(40),0,0,1,0,1,1,0,0,null,,,,
,,,,,,,,,,,,,,
,Order,Spectrum,Sequence,Score,Calc_M,Delta_M,ppm,Modification,Sample,Engine,MatchedIons,MissCleaveNum,Rank,Proteins
,1,File1577 Spectrum4563 scans: 20121,DTKLGPEEITADIPNVGEAALSK(2)-KPETINYR(0):0,4.94E-08,3552.856064,-0.00161,-0.453028,null,1.pFind,1.pFind,0,-1,1,RpoB(844)-RpoC(40)
,,,,,,,,,,,,,,
Order,ProteinAC,MW,pI,UniquePepNum,Coverage(%),SpecNum,Non-ModifiedSpecNum,ModifiedSpecNum,UniqueModifiedPepNum,Description,,,,
130,RpoB(844)-RpoB(914),0,0,1,0,2,2,0,0,null,,,,
,,,,,,,,,,,,,,
,Order,Spectrum,Sequence,Score,Calc_M,Delta_M,ppm,Modification,Sample,Engine,MatchedIons,MissCleaveNum,Rank,Proteins
,1,File1577 Spectrum5145 scans: 20961,DTKLGPEEITADIPNVGEAALSK(2)-ASDVKDSSLR(4):0,2.39E-05,3609.862264,0.99999,276.86216,null,1.pFind,1.pFind,0,-1,1,RpoB(844)-RpoB(914)
,,,,,,,,,,,,,,
,2,File1577 Spectrum5054 scans: 20838,DTKLGPEEITADIPNVGEAALSK(2)-ASDVKDSSLR(4):0,6.55E-05,3609.862264,2.00827,555.864357,null,1.pFind,1.pFind,0,-1,1,RpoB(844)-RpoB(914)
,,,,,,,,,,,,,,
Order,ProteinAC,MW,pI,UniquePepNum,Coverage(%),SpecNum,Non-ModifiedSpecNum,ModifiedSpecNum,UniqueModifiedPepNum,Description,,,,
131,RpoB(844)-RpoB(900),0,0,1,0,2,2,0,0,null,,,,
,,,,,,,,,,,,,,
,Order,Spectrum,Sequence,Score,Calc_M,Delta_M,ppm,Modification,Sample,Engine,MatchedIons,MissCleaveNum,Rank,Proteins
,1,File1577 Spectrum5989 scans: 22294,DTKLGPEEITADIPNVGEAALSK(2)-GETQLTPEEKLLR(9):0,5.25E-05,4046.130824,1.99631,493.021421,null,1.pFind,1.pFind,0,-1,1,RpoB(844)-RpoB(900)
,,,,,,,,,,,,,,
,2,File1577 Spectrum6047 scans: 22382,DTKLGPEEITADIPNVGEAALSK(2)-GETQLTPEEKLLR(9):0,1.60E-04,4046.130824,4.00674,989.03894,null,1.pFind,1.pFind,0,-1,1,RpoB(844)-RpoB(900)
,,,,,,,,,,,,,,
Order,ProteinAC,MW,pI,UniquePepNum,Coverage(%),SpecNum,Non-ModifiedSpecNum,ModifiedSpecNum,UniqueModifiedPepNum,Description,,,,
132,RpoB(844)-RpoB(890),0,0,1,0,2,2,0,0,null,,,,
,,,,,,,,,,,,,,
,Order,Spectrum,Sequence,Score,Calc_M,Delta_M,ppm,Modification,Sample,Engine,MatchedIons,MissCleaveNum,Rank,Proteins
,1,File1577 Spectrum4637 scans: 20232,DTKLGPEEITADIPNVGEAALSK(2)-VTPKGETQLTPEEK(3):0,1.98E-08,4089.125404,0.01225,2.995004,null,1.pFind,1.pFind,0,-1,1,RpoB(844)-RpoB(890)
,,,,,,,,,,,,,,
,2,File1577 Spectrum4633 scans: 20223,DTKLGPEEITADIPNVGEAALSK(2)-VTPKGETQLTPEEK(3):0,2.07E-06,4089.125404,2.99393,731.453064,null,1.pFind,1.pFind,0,-1,1,RpoB(844)-RpoB(890)
,,,,,,,,,,,,,,
Order,ProteinAC,MW,pI,UniquePepNum,Coverage(%),SpecNum,Non-ModifiedSpecNum,ModifiedSpecNum,UniqueModifiedPepNum,Description,,,,
133,RpoB(844)-RpoB(844),0,0,1,0,1,1,0,0,null,,,,
,,,,,,,,,,,,,,
,Order,Spectrum,Sequence,Score,Calc_M,Delta_M,ppm,Modification,Sample,Engine,MatchedIons,MissCleaveNum,Rank,Proteins
,1,File1577 Spectrum7704 scans: 25104,DTKLGPEEITADIPNVGEAALSK(2)-DTKLGPEEITADIPNVGEAALSK(2):0,4.60E-04,4900.532954,3.01281,614.288392,null,1.pFind,1.pFind,0,-1,1,RpoB(844)-RpoB(844)
,,,,,,,,,,,,,,
Order,ProteinAC,MW,pI,UniquePepNum,Coverage(%),SpecNum,Non-ModifiedSpecNum,ModifiedSpecNum,UniqueModifiedPepNum,Description,,,,
134,RpoB(844)-RpoB(639),0,0,1,0,1,1,0,0,null,,,,
,,,,,,,,,,,,,,
,Order,Spectrum,Sequence,Score,Calc_M,Delta_M,ppm,Modification,Sample,Engine,MatchedIons,MissCleaveNum,Rank,Proteins
,1,File1577 Spectrum5402 scans: 21352,DTKLGPEEITADIPNVGEAALSK(2)-SKGESSLFSR(1):0,9.05E-08,3629.867354,-0.01902,-5.238435,null,1.pFind,1.pFind,0,-1,1,RpoB(844)-RpoB(639)
,,,,,,,,,,,,,,
Order,ProteinAC,MW,pI,UniquePepNum,Coverage(%),SpecNum,Non-ModifiedSpecNum,ModifiedSpecNum,UniqueModifiedPepNum,Description,,,,
135,RpoB(844)-RpoB(1262),0,0,1,0,1,1,0,0,null,,,,
,,,,,,,,,,,,,,
,Order,Spectrum,Sequence,Score,Calc_M,Delta_M,ppm,Modification,Sample,Engine,MatchedIons,MissCleaveNum,Rank,Proteins
,1,File1577 Spectrum5557 scans: 21603,DTKLGPEEITADIPNVGEAALSK(2)-STGSYSLVTQQPLGGKAQFGGQR(15):0,1.07E-04,4899.513924,2.00579,409.133903,null,1.pFind,1.pFind,0,-1,1,RpoB(844)-RpoB(1262)
,,,,,,,,,,,,,,
Order,ProteinAC,MW,pI,UniquePepNum,Coverage(%),SpecNum,Non-ModifiedSpecNum,ModifiedSpecNum,UniqueModifiedPepNum,Description,,,,
136,RpoB(8)-RpoB(99),0,0,1,0,1,1,0,0,null,,,,
,,,,,,,,,,,,,,
,Order,Spectrum,Sequence,Score,Calc_M,Delta_M,ppm,Modification,Sample,Engine,MatchedIons,MissCleaveNum,Rank,Proteins
,1,File1577 Spectrum587 scans: 11118,VYSYTEKK(6)-VKLR(1):0,6.56E-04,1696.976164,-0.00551,-3.245036,null,1.pFind,1.pFind,0,-1,1,RpoB(8)-RpoB(99)
,,,,,,,,,,,,,,
Order,ProteinAC,MW,pI,UniquePepNum,Coverage(%),SpecNum,Non-ModifiedSpecNum,ModifiedSpecNum,UniqueModifiedPepNum,Description,,,,
137,RpoB(8)-RpoB(13),0,0,1,0,1,1,0,0,null,,,,
,,,,,,,,,,,,,,
,Order,Spectrum,Sequence,Score,Calc_M,Delta_M,ppm,Modification,Sample,Engine,MatchedIons,MissCleaveNum,Rank,Proteins
,1,File1577 Spectrum1131 scans: 13211,MVYSYTEKK(7)-KDFGK(0):0,2.55E-04,1906.974844,1.00581,526.881278,null,1.pFind,1.pFind,0,-1,1,RpoB(8)-RpoB(13)
,,,,,,,,,,,,,,
Order,ProteinAC,MW,pI,UniquePepNum,Coverage(%),SpecNum,Non-ModifiedSpecNum,ModifiedSpecNum,UniqueModifiedPepNum,Description,,,,
138,RpoB(719)-RpoB(639),0,0,1,0,1,1,0,0,null,,,,
,,,,,,,,,,,,,,
,Order,Spectrum,Sequence,Score,Calc_M,Delta_M,ppm,Modification,Sample,Engine,MatchedIons,MissCleaveNum,Rank,Proteins
,1,File1577 Spectrum2096 scans: 15434,AVAVDSGVTAVAKR(12)-SKGESSLFSR(1):0,1.69E-04,2605.407304,0.99939,383.287814,null,1.pFind,1.pFind,0,-1,1,RpoB(719)-RpoB(639)
,,,,,,,,,,,,,,
Order,ProteinAC,MW,pI,UniquePepNum,Coverage(%),SpecNum,Non-ModifiedSpecNum,ModifiedSpecNum,UniqueModifiedPepNum,Description,,,,
139,RpoB(719)-RpoB(1032),0,0,1,0,1,1,0,0,null,,,,
,,,,,,,,,,,,,,
,Order,Spectrum,Sequence,Score,Calc_M,Delta_M,ppm,Modification,Sample,Engine,MatchedIons,MissCleaveNum,Rank,Proteins
,1,File1577 Spectrum815 scans: 12247,AVAVDSGVTAVAKR(12)-KLEAKR(4):0,8.31E-04,2252.321384,-0.00347,-1.539946,null,1.pFind,1.pFind,0,-1,1,RpoB(719)-RpoB(1032)
,,,,,,,,,,,,,,
Order,ProteinAC,MW,pI,UniquePepNum,Coverage(%),SpecNum,Non-ModifiedSpecNum,ModifiedSpecNum,UniqueModifiedPepNum,Description,,,,
140,RpoB(719)-RpoB(1028),0,0,1,0,1,1,0,0,null,,,,
,,,,,,,,,,,,,,
,Order,Spectrum,Sequence,Score,Calc_M,Delta_M,ppm,Modification,Sample,Engine,MatchedIons,MissCleaveNum,Rank,Proteins
,1,File1577 Spectrum1078 scans: 13077,AVAVDSGVTAVAKR(12)-KLEAK(0):0,2.33E-05,2096.220274,-0.00474,-2.260132,null,1.pFind,1.pFind,0,-1,1,RpoB(719)-RpoB(1028)